id;first_name;last_name;email;gender;fonction;dateEmbauche;site
1;Yú;Porter;mporter0@tinypic.com;Female;Engineer III;06/08/2013;24PT
2;Noëlla;Holmes;bholmes1@dailymotion.com;Female;Structural Analysis Engineer;19/05/2012;15PT
3;Vérane;Ford;sford2@myspace.com;Female;Assistant Manager;12/11/2014;15PT
4;Mårten;Mcdonald;kmcdonald3@amazon.co.uk;Female;Director of Sales;28/11/2012;24PT
5;Dafnée;Campbell;vcampbell4@google.co.uk;Male;Senior Financial Analyst;31/08/2015;01UA
6;Méryl;Medina;jmedina5@hubpages.com;Female;Web Developer IV;16/09/2014;23TN
7;Yénora;Cunningham;tcunningham6@odnoklassniki.ru;Female;Desktop Support Technician;20/07/2013;15PT
8;Bérengère;White;awhite7@smh.com.au;Female;Payment Adjustment Coordinator;05/06/2012;06PT
9;Célia;Andrews;candrews8@about.com;Male;General Manager;06/08/2015;06PT
10;Nuó;Hayes;jhayes9@cocolog-nifty.com;Female;General Manager;30/04/2012;15PT
11;Vénus;Banks;mbanksa@utexas.edu;Female;Help Desk Operator;20/09/2015;16FR
12;Marie-hélène;White;twhiteb@theguardian.com;Male;Operator;26/08/2012;25PT
13;Mylène;Gomez;jgomezc@census.gov;Male;Physical Therapy Assistant;14/08/2012;23TN
14;Táng;Robertson;jrobertsond@about.me;Male;Sales Representative;12/01/2016;23TN
15;Léa;Harper;aharpere@wix.com;Male;Mechanical Systems Engineer;17/06/2012;23TN
16;Cinéma;Ellis;jellisf@arizona.edu;Female;Physical Therapy Assistant;10/02/2015;01UA
17;Marie-noël;Butler;ebutlerg@seattletimes.com;Male;Legal Assistant;10/05/2012;13FR
18;Athéna;Miller;amillerh@intel.com;Female;Financial Analyst;02/02/2013;11PT
19;Mélanie;Edwards;redwardsi@skyrock.com;Female;Internal Auditor;06/10/2014;06PT
20;Françoise;Garza;tgarzaj@wordpress.org;Male;Budget/Accounting Analyst IV;03/04/2014;18PT
21;Mahélie;Williamson;pwilliamsonk@51.la;Male;Librarian;05/02/2014;03FR
22;Hélèna;Scott;ascottl@weebly.com;Male;Product Engineer;08/01/2015;07FR
23;Clémence;Elliott;lelliottm@huffingtonpost.com;Female;Senior Cost Accountant;05/12/2013;10PT
24;Bécassine;Gutierrez;cgutierrezn@businessinsider.com;Male;Electrical Engineer;26/05/2015;16FR
25;Léana;Bell;dbello@miitbeian.gov.cn;Female;Assistant Professor;27/02/2015;10PT
26;Judicaël;Stone;cstonep@hc360.com;Female;Geological Engineer;09/07/2014;10PT
27;Cécilia;Hughes;chughesq@cocolog-nifty.com;Male;Research Associate;21/02/2013;13FR
28;Gérald;Simmons;jsimmonsr@ucsd.edu;Male;Internal Auditor;27/07/2012;14FR
29;Annotés;Rodriguez;rrodriguezs@spotify.com;Female;Senior Editor;06/12/2015;20ES
30;Géraldine;Griffin;jgriffint@abc.net.au;Male;Cost Accountant;11/01/2014;26FR
31;Garçon;Wright;jwrightu@army.mil;Female;Project Manager;06/07/2014;06PT
32;Styrbjörn;Garrett;pgarrettv@surveymonkey.com;Male;Assistant Media Planner;24/10/2012;26FR
33;Géraldine;Hart;ghartw@yellowpages.com;Female;Human Resources Manager;26/02/2014;15PT
34;Almérinda;Pierce;epiercex@ebay.com;Male;Electrical Engineer;05/07/2014;22FR
35;Léandre;Gardner;lgardnery@cornell.edu;Female;Physical Therapy Assistant;24/09/2015;10PT
36;Océanne;Banks;vbanksz@mapquest.com;Female;Office Assistant I;19/06/2015;19UA
37;Bérengère;Jordan;cjordan10@mediafire.com;Male;Assistant Media Planner;11/05/2013;22FR
38;Mélissandre;Johnson;rjohnson11@hatena.ne.jp;Female;Research Associate;12/10/2014;09PT
39;Håkan;Murphy;smurphy12@netscape.com;Female;GIS Technical Architect;18/11/2013;04UA
40;Bénédicte;Dixon;jdixon13@vkontakte.ru;Male;Structural Analysis Engineer;03/03/2015;04UA
41;Amélie;Kelly;ckelly14@4shared.com;Female;Technical Writer;17/02/2015;08MA
42;Göran;Campbell;dcampbell15@businesswire.com;Male;Quality Control Specialist;21/08/2012;09PT
43;Maëline;Martinez;cmartinez16@liveinternet.ru;Male;Recruiting Manager;23/09/2015;03FR
44;Séréna;Ryan;lryan17@slideshare.net;Female;Account Representative II;14/08/2015;17FR
45;Réservés;Gibson;jgibson18@dailymail.co.uk;Male;Chief Design Engineer;13/02/2013;07FR
46;Célestine;Barnes;dbarnes19@ucsd.edu;Female;Sales Associate;26/10/2013;01UA
47;Dù;Warren;awarren1a@sphinn.com;Female;Design Engineer;05/07/2014;25PT
48;Annotée;Fox;afox1b@wikipedia.org;Female;VP Quality Control;13/06/2015;16FR
49;Béatrice;Kim;rkim1c@indiegogo.com;Male;Graphic Designer;20/10/2015;07FR
50;Märta;Reed;areed1d@boston.com;Female;General Manager;16/05/2012;15PT
51;Gisèle;Kim;jkim1e@macromedia.com;Male;Data Coordiator;16/08/2014;06PT
52;Maïlys;Brown;rbrown1f@free.fr;Male;Nurse;25/05/2013;21FR
53;Rachèle;Gomez;dgomez1g@studiopress.com;Female;Geological Engineer;18/08/2014;22FR
54;Kuí;Reynolds;creynolds1h@woothemes.com;Male;Research Associate;17/09/2012;11PT
55;Ráo;Porter;lporter1i@facebook.com;Male;Senior Financial Analyst;04/02/2015;09PT
56;Rachèle;Bryant;rbryant1j@people.com.cn;Female;Financial Advisor;22/01/2015;06PT
57;Mylène;Fox;bfox1k@xinhuanet.com;Female;Assistant Media Planner;12/09/2012;07FR
58;Måns;Rose;arose1l@bandcamp.com;Female;Junior Executive;27/09/2012;14FR
59;Mélodie;Nguyen;jnguyen1m@vistaprint.com;Female;Senior Cost Accountant;22/04/2014;18PT
60;Eloïse;James;jjames1n@tumblr.com;Male;VP Accounting;02/10/2012;14FR
61;Kuí;Schmidt;wschmidt1o@feedburner.com;Female;Financial Advisor;11/06/2014;22FR
62;Gaïa;Thompson;rthompson1p@netvibes.com;Male;Product Engineer;28/06/2015;18PT
63;Céline;Campbell;acampbell1q@forbes.com;Female;Pharmacist;18/03/2013;18PT
64;Laurène;Kelley;hkelley1r@issuu.com;Female;Software Engineer IV;06/12/2013;17FR
65;Léana;Greene;jgreene1s@yandex.ru;Female;Safety Technician I;06/12/2012;05FR
66;Cinéma;Nguyen;tnguyen1t@devhub.com;Male;Research Nurse;13/05/2014;17FR
67;Gwenaëlle;Hayes;mhayes1u@51.la;Male;Sales Representative;19/05/2014;01UA
68;Jú;Black;bblack1v@sphinn.com;Female;Systems Administrator IV;08/10/2013;06PT
69;Gösta;Rose;hrose1w@usa.gov;Male;GIS Technical Architect;30/06/2015;05FR
70;Eléonore;Wells;twells1x@cnbc.com;Female;Professor;12/06/2015;16FR
71;Aurélie;Fields;mfields1y@about.me;Male;Legal Assistant;16/02/2015;21FR
72;Aimée;Bell;wbell1z@wiley.com;Male;Associate Professor;13/01/2013;08MA
73;Andrée;Arnold;tarnold20@networkadvertising.org;Male;Internal Auditor;03/11/2012;05FR
74;Rachèle;Campbell;lcampbell21@eepurl.com;Male;Administrative Assistant IV;20/12/2013;12FR
75;Françoise;Freeman;dfreeman22@wix.com;Female;Budget/Accounting Analyst I;23/06/2015;15PT
76;Simplifiés;Wallace;pwallace23@hhs.gov;Male;General Manager;16/09/2015;09PT
77;Märta;Jones;jjones24@prnewswire.com;Male;Health Coach IV;22/01/2016;20ES
78;Laurène;Murphy;jmurphy25@amazonaws.com;Male;Assistant Manager;23/10/2015;22FR
79;Maï;Boyd;bboyd26@samsung.com;Female;Recruiter;07/01/2013;11PT
80;Aurélie;Moreno;smoreno27@moonfruit.com;Female;Account Executive;09/03/2016;12FR
81;Geneviève;Gordon;jgordon28@prweb.com;Male;Chemical Engineer;21/12/2014;11PT
82;Réjane;Ward;wward29@guardian.co.uk;Male;Desktop Support Technician;02/07/2014;03FR
83;Réservés;Porter;aporter2a@tamu.edu;Male;Financial Advisor;17/03/2013;10PT
84;Publicité;Wood;rwood2b@phoca.cz;Female;Librarian;19/08/2015;03FR
85;Dù;Ryan;sryan2c@youtube.com;Female;Systems Administrator III;06/03/2014;20ES
86;Amélie;Hayes;jhayes2d@purevolume.com;Male;Electrical Engineer;01/10/2013;08MA
87;Laurélie;Harvey;lharvey2e@eventbrite.com;Female;Environmental Specialist;10/09/2014;12FR
88;Inès;Reynolds;areynolds2f@apache.org;Male;Data Coordiator;17/01/2016;03FR
89;Bérangère;Phillips;tphillips2g@reddit.com;Male;Environmental Specialist;23/05/2015;26FR
90;Célia;Watson;mwatson2h@pinterest.com;Female;Financial Analyst;25/05/2015;05FR
91;Kù;Freeman;jfreeman2i@discovery.com;Female;VP Marketing;14/05/2014;15PT
92;Léandre;Andrews;dandrews2j@vk.com;Female;Recruiter;21/12/2012;05FR
93;Maëlle;Vasquez;dvasquez2k@github.com;Female;Senior Editor;04/02/2016;16FR
94;Mà;Bell;nbell2l@umich.edu;Female;Senior Financial Analyst;04/08/2015;04UA
95;Célia;Stone;astone2m@feedburner.com;Female;Administrative Officer;02/09/2012;23TN
96;Méghane;Brooks;tbrooks2n@networksolutions.com;Male;VP Product Management;14/07/2013;08MA
97;Alizée;Powell;tpowell2o@indiegogo.com;Female;Senior Cost Accountant;10/06/2013;09PT
98;Magdalène;Miller;rmiller2p@cbsnews.com;Male;Accountant I;19/11/2014;14FR
99;Lén;Tucker;atucker2q@baidu.com;Female;VP Quality Control;12/08/2015;12FR
100;Angèle;Warren;rwarren2r@samsung.com;Male;Help Desk Operator;02/08/2012;15PT
101;Cléopatre;Scott;mscott2s@bloomberg.com;Male;Marketing Manager;28/09/2012;17FR
102;Françoise;Jenkins;mjenkins2t@discovery.com;Male;Senior Cost Accountant;06/05/2015;22FR
103;Annotés;Mills;smills2u@craigslist.org;Male;Social Worker;27/07/2013;20ES
104;Lorène;Bowman;rbowman2v@webnode.com;Male;Computer Systems Analyst I;15/02/2016;12FR
105;Nélie;Lewis;rlewis2w@themeforest.net;Male;Computer Systems Analyst I;10/08/2015;15PT
106;Josée;Reynolds;areynolds2x@upenn.edu;Male;Environmental Tech;23/04/2016;14FR
107;Rachèle;Stephens;kstephens2y@cmu.edu;Female;Product Engineer;29/11/2012;12FR
108;Dà;Franklin;mfranklin2z@last.fm;Male;Budget/Accounting Analyst III;11/08/2015;08MA
109;Maïté;Cruz;ncruz30@sphinn.com;Male;Payment Adjustment Coordinator;23/11/2012;21FR
110;Léonore;Gonzalez;kgonzalez31@unblog.fr;Female;Programmer II;23/05/2013;05FR
111;Bérangère;Nelson;rnelson32@weibo.com;Female;Senior Cost Accountant;04/03/2014;26FR
112;Östen;Chapman;echapman33@yahoo.co.jp;Male;Structural Engineer;16/08/2015;18PT
113;Mén;Howard;ahoward34@reference.com;Female;Actuary;15/04/2014;25PT
114;Maëly;Martinez;mmartinez35@moonfruit.com;Male;VP Marketing;12/09/2014;25PT
115;Östen;Hill;ahill36@chicagotribune.com;Male;Speech Pathologist;17/05/2013;24PT
116;Maëlys;Austin;maustin37@msu.edu;Male;Chief Design Engineer;19/07/2015;26FR
117;Noémie;Dixon;sdixon38@dyndns.org;Female;Financial Analyst;02/08/2013;17FR
118;Régine;Castillo;acastillo39@trellian.com;Male;Accounting Assistant IV;30/09/2012;22FR
119;Åslög;Ortiz;wortiz3a@addthis.com;Male;Human Resources Assistant III;25/09/2014;12FR
120;Frédérique;Wells;lwells3b@house.gov;Male;Assistant Professor;11/09/2013;04UA
121;Méng;Ford;rford3c@soundcloud.com;Female;Sales Representative;26/12/2013;25PT
122;Clémentine;Porter;nporter3d@cafepress.com;Male;Administrative Officer;21/07/2012;26FR
123;Gösta;Morris;jmorris3e@narod.ru;Male;Dental Hygienist;29/09/2013;23TN
124;Marie-josée;Carter;scarter3f@etsy.com;Male;Web Designer II;21/01/2016;05FR
125;Lóng;Ellis;jellis3g@shutterfly.com;Female;Health Coach IV;16/10/2012;23TN
126;Réjane;Cunningham;jcunningham3h@wix.com;Female;Programmer I;24/03/2015;08MA
127;Dà;James;ejames3i@chron.com;Male;Senior Developer;25/11/2012;26FR
128;Gérald;Ford;lford3j@dagondesign.com;Male;Senior Sales Associate;20/03/2014;03FR
129;Hélène;Thompson;cthompson3k@bbb.org;Female;Legal Assistant;15/07/2014;25PT
130;Athéna;Gilbert;cgilbert3l@sourceforge.net;Male;Mechanical Systems Engineer;27/10/2012;06PT
131;Marie-noël;Oliver;doliver3m@stanford.edu;Female;Environmental Tech;25/03/2013;15PT
132;Cinéma;Snyder;jsnyder3n@cloudflare.com;Male;Senior Cost Accountant;26/09/2014;26FR
133;Thérèse;Rose;trose3o@360.cn;Female;Speech Pathologist;02/05/2015;05FR
134;Maëlle;Gardner;egardner3p@elpais.com;Female;Librarian;30/09/2012;23TN
135;Loïca;Stevens;hstevens3q@phpbb.com;Female;VP Marketing;29/07/2013;26FR
136;Maï;Hawkins;ahawkins3r@homestead.com;Female;Speech Pathologist;19/06/2013;25PT
137;Joséphine;Mills;emills3s@google.com.hk;Female;Research Nurse;26/06/2013;17FR
138;Réservés;Sims;jsims3t@dion.ne.jp;Male;Clinical Specialist;31/03/2014;25PT
139;Ophélie;Alvarez;kalvarez3u@jimdo.com;Female;Senior Financial Analyst;20/11/2015;01UA
140;Josée;Oliver;loliver3v@google.nl;Female;Programmer Analyst IV;10/07/2015;15PT
141;Aí;Reed;areed3w@whitehouse.gov;Female;Executive Secretary;05/12/2013;12FR
142;Nadège;Morgan;rmorgan3x@google.de;Male;Business Systems Development Analyst;21/04/2014;09PT
143;Angélique;Palmer;kpalmer3y@deviantart.com;Female;Tax Accountant;08/03/2016;07FR
144;Gaétane;Knight;fknight3z@mozilla.com;Female;Human Resources Assistant IV;07/03/2015;15PT
145;Andréanne;Berry;bberry40@wordpress.com;Male;Media Manager I;11/05/2013;11PT
146;Styrbjörn;Jones;rjones41@statcounter.com;Female;Compensation Analyst;03/12/2013;01UA
147;Göran;Frazier;tfrazier42@e-recht24.de;Female;VP Sales;10/11/2012;12FR
148;Lài;Wallace;bwallace43@odnoklassniki.ru;Female;Web Designer III;19/10/2015;26FR
149;Kévina;Gilbert;jgilbert44@wordpress.org;Female;Account Executive;29/05/2014;16FR
150;Lén;Coleman;tcoleman45@canalblog.com;Female;Nuclear Power Engineer;05/07/2014;12FR
151;Marie-hélène;Walker;rwalker46@dion.ne.jp;Female;Dental Hygienist;22/07/2015;08MA
152;Mén;Murphy;dmurphy47@huffingtonpost.com;Male;Junior Executive;26/11/2013;26FR
153;Méghane;Cunningham;dcunningham48@miitbeian.gov.cn;Female;Programmer I;15/11/2015;24PT
154;Intéressant;Ford;aford49@studiopress.com;Male;Sales Associate;24/11/2015;14FR
155;Rébecca;Castillo;mcastillo4a@amazon.co.jp;Female;Biostatistician I;06/10/2012;02FR
156;Uò;Fields;kfields4b@liveinternet.ru;Male;Mechanical Systems Engineer;17/03/2013;20ES
157;Aimée;Stewart;jstewart4c@cafepress.com;Male;Graphic Designer;04/06/2013;20ES
158;Cloé;Roberts;jroberts4d@yellowbook.com;Male;Social Worker;15/03/2015;26FR
159;Eugénie;Edwards;tedwards4e@jigsy.com;Male;Associate Professor;30/03/2016;22FR
160;Véronique;Richards;brichards4f@yellowbook.com;Male;Data Coordiator;14/05/2012;19UA
161;Maëlla;Vasquez;cvasquez4g@alexa.com;Male;Systems Administrator IV;27/12/2014;08MA
162;Ophélie;Cooper;ccooper4h@usa.gov;Female;Financial Analyst;09/05/2012;04UA
163;Chloé;Henderson;khenderson4i@e-recht24.de;Female;GIS Technical Architect;03/11/2012;07FR
164;Noëlla;Carr;jcarr4j@amazon.de;Male;Payment Adjustment Coordinator;19/07/2014;15PT
165;Thérèsa;Thompson;fthompson4k@clickbank.net;Male;Occupational Therapist;26/11/2015;11PT
166;Torbjörn;Evans;cevans4l@homestead.com;Female;Research Associate;11/06/2012;04UA
167;Lài;Simmons;ssimmons4m@discuz.net;Female;Sales Representative;22/02/2013;26FR
168;Esbjörn;Perry;bperry4n@hc360.com;Male;Research Associate;21/06/2014;19UA
169;Gaïa;Sims;hsims4o@nationalgeographic.com;Male;Analyst Programmer;19/05/2014;02FR
170;Séréna;Austin;saustin4p@wikimedia.org;Male;Systems Administrator IV;31/07/2012;13FR
171;Ráo;Marshall;jmarshall4q@redcross.org;Male;Assistant Manager;27/05/2013;03FR
172;Maéna;Morales;dmorales4r@hostgator.com;Male;Assistant Professor;23/03/2014;02FR
173;Rébecca;Fowler;kfowler4s@bing.com;Male;Software Engineer I;15/07/2012;03FR
174;Illustrée;Williams;jwilliams4t@wired.com;Female;Media Manager I;03/04/2014;14FR
175;Néhémie;Thompson;vthompson4u@g.co;Male;Information Systems Manager;21/07/2015;22FR
176;Marie-noël;Hansen;ghansen4v@themeforest.net;Female;Director of Sales;08/05/2015;11PT
177;Hélène;Armstrong;harmstrong4w@msu.edu;Male;Tax Accountant;04/07/2013;22FR
178;Séréna;Willis;cwillis4x@cnet.com;Female;VP Quality Control;16/02/2015;24PT
179;Méryl;Johnston;cjohnston4y@intel.com;Female;Structural Engineer;10/04/2015;26FR
180;Maëlle;Woods;awoods4z@sohu.com;Female;Health Coach III;11/12/2014;14FR
181;Célia;Simmons;msimmons50@tamu.edu;Male;Quality Control Specialist;03/10/2014;05FR
182;Adélaïde;Ray;aray51@a8.net;Female;Actuary;21/12/2012;12FR
183;Kuí;Watkins;lwatkins52@slashdot.org;Female;Environmental Specialist;26/05/2012;26FR
184;Yú;Sanders;wsanders53@hp.com;Female;Cost Accountant;29/07/2015;05FR
185;Mén;Mason;hmason54@ucoz.ru;Female;Civil Engineer;03/11/2013;16FR
186;Mélanie;Ray;pray55@themeforest.net;Female;Quality Control Specialist;17/05/2014;23TN
187;Kévina;Carter;mcarter56@google.pl;Male;Research Nurse;20/02/2016;21FR
188;Pål;Chapman;mchapman57@icio.us;Male;Pharmacist;07/09/2012;12FR
189;Pål;Rivera;hrivera58@privacy.gov.au;Female;Mechanical Systems Engineer;09/03/2014;26FR
190;Lyséa;Tucker;gtucker59@smh.com.au;Female;Software Test Engineer III;23/04/2013;20ES
191;Estève;Boyd;kboyd5a@youtube.com;Male;Environmental Tech;20/06/2015;20ES
192;Aí;Young;kyoung5b@domainmarket.com;Female;Geologist IV;05/11/2015;04UA
193;Gisèle;Diaz;bdiaz5c@geocities.com;Female;Compensation Analyst;17/07/2015;11PT
194;Cléa;Larson;slarson5d@storify.com;Male;Account Executive;02/09/2012;11PT
195;Maïwenn;Duncan;hduncan5e@icio.us;Female;Information Systems Manager;13/09/2012;10PT
196;Michèle;Harrison;mharrison5f@linkedin.com;Female;Developer III;16/11/2015;23TN
197;Clémence;Washington;cwashington5g@unc.edu;Female;Media Manager IV;14/04/2015;19UA
198;Dà;Ryan;rryan5h@aol.com;Male;Help Desk Operator;30/04/2014;15PT
199;Maïly;Wilson;swilson5i@barnesandnoble.com;Female;Food Chemist;18/09/2014;03FR
200;Dù;Willis;mwillis5j@uiuc.edu;Male;Product Engineer;11/12/2012;03FR
201;Angèle;Foster;kfoster5k@wordpress.com;Male;Analog Circuit Design manager;03/10/2013;18PT
202;Angélique;Moreno;amoreno5l@spotify.com;Female;Paralegal;12/02/2016;18PT
203;Solène;Taylor;mtaylor5m@forbes.com;Male;Software Consultant;05/11/2015;01UA
204;Crééz;Fernandez;rfernandez5n@quantcast.com;Male;Chief Design Engineer;25/05/2014;14FR
205;Maëline;Kennedy;wkennedy5o@mtv.com;Male;Community Outreach Specialist;14/07/2015;06PT
206;Danièle;Simpson;dsimpson5p@flavors.me;Female;Sales Representative;13/11/2012;15PT
207;Eugénie;Perry;lperry5q@prlog.org;Female;Assistant Manager;18/02/2014;15PT
208;Eléa;Gardner;sgardner5r@ca.gov;Female;Civil Engineer;07/03/2013;07FR
209;Irène;Patterson;npatterson5s@ebay.com;Male;Marketing Manager;08/05/2014;19UA
210;Françoise;Robinson;lrobinson5t@ameblo.jp;Female;Safety Technician III;12/04/2013;11PT
211;Amélie;Hansen;jhansen5u@washingtonpost.com;Female;Sales Representative;16/09/2012;21FR
212;Marie-françoise;Robertson;srobertson5v@msu.edu;Female;Dental Hygienist;01/09/2013;02FR
213;Audréanne;Ortiz;sortiz5w@people.com.cn;Female;Compensation Analyst;27/05/2015;04UA
214;Hélène;Mccoy;mmccoy5x@desdev.cn;Male;Sales Representative;04/05/2014;22FR
215;Måns;Hanson;jhanson5y@house.gov;Female;Office Assistant IV;16/12/2013;01UA
216;Amélie;Peters;vpeters5z@nature.com;Female;Registered Nurse;23/01/2016;24PT
217;Méthode;Mills;dmills60@issuu.com;Female;Physical Therapy Assistant;11/12/2013;25PT
218;Annotée;Austin;jaustin61@cloudflare.com;Male;Administrative Assistant I;24/12/2015;12FR
219;Åke;Henderson;lhenderson62@simplemachines.org;Male;Senior Cost Accountant;20/04/2016;13FR
220;Lorène;Burns;lburns63@globo.com;Male;Occupational Therapist;22/05/2014;26FR
221;Simplifiés;Morrison;jmorrison64@usnews.com;Female;Technical Writer;19/05/2014;12FR
222;Néhémie;Woods;twoods65@jalbum.net;Female;Speech Pathologist;08/10/2015;26FR
223;Lén;Taylor;rtaylor66@people.com.cn;Female;Librarian;26/02/2016;02FR
224;Styrbjörn;Garrett;rgarrett67@feedburner.com;Female;Nurse Practicioner;30/04/2012;08MA
225;Anaïs;Little;flittle68@google.it;Female;Account Executive;02/10/2013;23TN
226;Alizée;Fowler;efowler69@discovery.com;Female;Project Manager;04/12/2012;15PT
227;Adèle;Burns;hburns6a@wp.com;Male;Software Engineer I;01/06/2015;24PT
228;Marylène;Chapman;jchapman6b@livejournal.com;Female;Human Resources Manager;16/09/2012;09PT
229;Félicie;Anderson;janderson6c@mit.edu;Male;Computer Systems Analyst IV;25/08/2012;21FR
230;Léonie;Armstrong;larmstrong6d@unesco.org;Male;Desktop Support Technician;14/07/2014;02FR
231;Mà;Andrews;landrews6e@flavors.me;Female;Structural Engineer;13/03/2014;04UA
232;Åsa;Ruiz;kruiz6f@omniture.com;Female;Registered Nurse;26/12/2013;21FR
233;Gaétane;Fowler;dfowler6g@google.com;Female;Marketing Manager;16/07/2012;15PT
234;Océanne;Stewart;rstewart6h@dion.ne.jp;Female;Teacher;09/05/2012;21FR
235;Ruì;Kennedy;akennedy6i@bandcamp.com;Male;Graphic Designer;22/07/2013;17FR
236;Cécilia;Warren;kwarren6j@photobucket.com;Female;Tax Accountant;10/04/2016;05FR
237;Mégane;Gibson;dgibson6k@mayoclinic.com;Male;Mechanical Systems Engineer;14/07/2012;04UA
238;Sélène;Bell;hbell6l@sitemeter.com;Male;Structural Engineer;06/05/2014;05FR
239;Vénus;Austin;daustin6m@elpais.com;Female;Help Desk Operator;28/07/2014;22FR
240;Inès;Bell;ebell6n@pen.io;Female;Cost Accountant;09/02/2015;02FR
241;Mårten;West;nwest6o@dedecms.com;Male;Paralegal;12/05/2014;01UA
242;Cunégonde;Lawrence;dlawrence6p@storify.com;Female;Physical Therapy Assistant;13/06/2014;04UA
243;Naéva;Russell;jrussell6q@flavors.me;Female;Safety Technician II;22/12/2014;26FR
244;Faîtes;Hamilton;hhamilton6r@berkeley.edu;Female;Operator;03/02/2015;24PT
245;Daphnée;Morrison;amorrison6s@drupal.org;Male;Paralegal;11/06/2013;21FR
246;Torbjörn;Medina;jmedina6t@upenn.edu;Male;Sales Representative;13/03/2014;12FR
247;Gösta;Garza;ggarza6u@miitbeian.gov.cn;Female;Associate Professor;03/10/2013;14FR
248;Gaétane;Jenkins;pjenkins6v@edublogs.org;Female;Registered Nurse;17/03/2015;01UA
249;Béatrice;Moreno;smoreno6w@bloomberg.com;Male;Human Resources Manager;21/01/2016;05FR
250;Gisèle;Weaver;jweaver6x@ed.gov;Male;Systems Administrator I;11/08/2013;18PT
251;Kallisté;Dean;ddean6y@about.com;Female;Accounting Assistant II;07/09/2013;02FR
252;Kallisté;Harrison;charrison6z@spiegel.de;Female;Financial Analyst;28/05/2012;01UA
253;Aurélie;Jacobs;ejacobs70@bloglovin.com;Female;Staff Accountant I;02/10/2013;02FR
254;Bérénice;Cunningham;jcunningham71@paypal.com;Female;Systems Administrator IV;21/01/2016;21FR
255;Maëlla;Garrett;mgarrett72@wikipedia.org;Male;Junior Executive;26/08/2014;23TN
256;Maëlann;Wallace;pwallace73@technorati.com;Male;Marketing Manager;15/12/2013;17FR
257;Régine;Duncan;sduncan74@reverbnation.com;Female;Electrical Engineer;22/04/2014;02FR
258;Rébecca;Castillo;jcastillo75@t.co;Male;Internal Auditor;23/06/2015;22FR
259;Gaïa;Castillo;gcastillo76@addthis.com;Female;Software Consultant;18/01/2016;01UA
260;Marie-noël;Richardson;crichardson77@reddit.com;Male;Occupational Therapist;23/10/2013;01UA
261;Yè;Stevens;kstevens78@seattletimes.com;Male;VP Product Management;31/10/2015;19UA
262;Intéressant;Bennett;cbennett79@netlog.com;Female;Systems Administrator I;16/08/2015;16FR
263;Tán;Flores;rflores7a@github.com;Female;Junior Executive;04/03/2013;02FR
264;Noëlla;Franklin;afranklin7b@wisc.edu;Female;Engineer IV;20/04/2013;14FR
265;Chloé;Crawford;dcrawford7c@nytimes.com;Male;Occupational Therapist;13/12/2012;18PT
266;Stévina;Burns;sburns7d@fastcompany.com;Male;Account Coordinator;13/01/2014;08MA
267;Céline;Bell;ibell7e@accuweather.com;Male;Environmental Specialist;11/11/2014;06PT
268;Régine;Hawkins;bhawkins7f@cdbaby.com;Male;Research Assistant III;13/09/2015;22FR
269;Maëlla;Lee;wlee7g@scribd.com;Male;Senior Cost Accountant;04/08/2015;20ES
270;Yú;Stephens;rstephens7h@pagesperso-orange.fr;Male;Assistant Media Planner;07/05/2014;16FR
271;Mélissandre;Burton;cburton7i@tuttocitta.it;Female;Internal Auditor;15/06/2013;21FR
272;Daphnée;Cook;acook7j@wisc.edu;Male;Administrative Assistant IV;02/03/2013;09PT
273;Mégane;Sullivan;jsullivan7k@who.int;Male;VP Quality Control;24/02/2013;05FR
274;Mà;Ortiz;cortiz7l@cmu.edu;Female;Systems Administrator III;17/10/2012;19UA
275;Adèle;Jordan;tjordan7m@seattletimes.com;Male;Senior Financial Analyst;27/02/2014;15PT
276;Laurène;Sims;jsims7n@nifty.com;Female;VP Product Management;15/10/2014;21FR
277;Anaël;Ramos;nramos7o@unc.edu;Male;Software Engineer I;17/10/2013;07FR
278;Mélia;Woods;iwoods7p@amazon.co.jp;Female;VP Sales;01/10/2012;08MA
279;Dafnée;Tucker;gtucker7q@github.com;Female;Account Coordinator;11/03/2014;25PT
280;Eléonore;Gutierrez;pgutierrez7r@woothemes.com;Male;Quality Engineer;28/11/2014;02FR
281;Bérangère;Dixon;mdixon7s@vimeo.com;Male;Accounting Assistant I;25/10/2013;11PT
282;Léone;Kelley;rkelley7t@nymag.com;Male;Staff Scientist;07/07/2012;13FR
283;Dà;Powell;jpowell7u@google.co.uk;Male;Software Engineer IV;12/01/2015;25PT
284;Annotée;Fernandez;jfernandez7v@nsw.gov.au;Female;Environmental Specialist;01/12/2012;12FR
285;Marie-françoise;Foster;cfoster7w@artisteer.com;Male;Product Engineer;27/10/2015;10PT
286;Séverine;Matthews;dmatthews7x@nytimes.com;Female;Community Outreach Specialist;01/08/2015;01UA
287;Aimée;Anderson;janderson7y@google.co.jp;Female;Administrative Officer;14/06/2013;25PT
288;Loïc;Gordon;jgordon7z@twitter.com;Male;Marketing Manager;17/04/2013;05FR
289;Laurélie;Cooper;hcooper80@canalblog.com;Female;Financial Advisor;02/11/2014;23TN
290;Andréanne;Moore;mmoore81@un.org;Female;Physical Therapy Assistant;20/06/2013;04UA
291;Eléa;Gutierrez;dgutierrez82@chron.com;Female;Systems Administrator III;13/02/2014;14FR
292;Joséphine;Kelley;gkelley83@joomla.org;Female;Financial Advisor;30/04/2014;19UA
293;Maëline;Wells;dwells84@bizjournals.com;Male;Human Resources Assistant II;12/07/2013;03FR
294;Marylène;Thomas;ethomas85@umn.edu;Male;Legal Assistant;06/01/2014;05FR
295;Michèle;Perkins;rperkins86@smugmug.com;Female;Assistant Professor;24/01/2014;16FR
296;Maéna;Richardson;crichardson87@g.co;Male;Editor;12/02/2013;25PT
297;Méryl;Russell;prussell88@unicef.org;Female;Web Developer II;27/04/2013;16FR
298;Eléa;Martinez;jmartinez89@delicious.com;Female;Compensation Analyst;23/03/2013;08MA
299;Örjan;Johnston;djohnston8a@seesaa.net;Male;Analyst Programmer;16/10/2013;01UA
300;Bérengère;Fox;bfox8b@bloomberg.com;Male;Computer Systems Analyst II;01/07/2015;12FR
301;Anaïs;Wilson;wwilson8c@behance.net;Male;Recruiting Manager;29/10/2013;25PT
302;Bérengère;Hughes;rhughes8d@house.gov;Female;Assistant Manager;27/04/2013;26FR
303;Miléna;Thomas;sthomas8e@theguardian.com;Male;Operator;06/02/2013;04UA
304;Méghane;Morgan;amorgan8f@mit.edu;Female;Information Systems Manager;10/10/2013;14FR
305;Aurélie;Medina;kmedina8g@squarespace.com;Female;Marketing Assistant;22/01/2014;20ES
306;Léonore;Gardner;rgardner8h@t.co;Male;Desktop Support Technician;09/03/2015;23TN
307;Maëly;Holmes;aholmes8i@deviantart.com;Female;Compensation Analyst;10/03/2016;01UA
308;Clémentine;Reyes;sreyes8j@independent.co.uk;Male;Compensation Analyst;27/01/2015;14FR
309;Marie-thérèse;Bishop;ebishop8k@amazon.co.jp;Female;Geological Engineer;19/12/2013;09PT
310;Maïté;Fields;sfields8l@yellowpages.com;Male;Nurse Practicioner;26/04/2013;09PT
311;Noëlla;Marshall;emarshall8m@yellowpages.com;Male;Senior Developer;09/06/2013;14FR
312;Stéphanie;Williams;dwilliams8n@linkedin.com;Male;Occupational Therapist;05/12/2013;22FR
313;Hélèna;Boyd;aboyd8o@multiply.com;Male;Assistant Manager;20/06/2012;06PT
314;Laïla;Gonzalez;bgonzalez8p@jimdo.com;Female;Programmer Analyst III;01/12/2014;08MA
315;Bécassine;Reynolds;wreynolds8q@cornell.edu;Female;Pharmacist;29/03/2013;26FR
316;Bénédicte;Garcia;sgarcia8r@admin.ch;Female;Food Chemist;16/03/2015;04UA
317;Mélanie;Price;jprice8s@gizmodo.com;Male;Professor;20/01/2016;18PT
318;Zoé;Campbell;rcampbell8t@ted.com;Male;Analog Circuit Design manager;07/03/2014;19UA
319;Céline;Reynolds;lreynolds8u@yale.edu;Male;Financial Advisor;28/11/2012;08MA
320;Noémie;Grant;jgrant8v@paginegialle.it;Male;Engineer I;17/08/2014;14FR
321;Mélanie;Stone;astone8w@craigslist.org;Female;Recruiting Manager;28/08/2012;01UA
322;Yè;Cunningham;jcunningham8x@mysql.com;Female;Senior Cost Accountant;20/04/2016;01UA
323;Marie-josée;Russell;brussell8y@moonfruit.com;Female;Geologist III;19/06/2015;07FR
324;Sélène;Stewart;dstewart8z@wikispaces.com;Male;Developer III;05/09/2015;24PT
325;Audréanne;Schmidt;rschmidt90@ca.gov;Male;Paralegal;25/04/2013;05FR
326;Eugénie;Chapman;jchapman91@senate.gov;Female;Structural Engineer;17/04/2015;26FR
327;Célestine;Riley;wriley92@webnode.com;Female;Payment Adjustment Coordinator;09/10/2013;26FR
328;Märta;Mendoza;emendoza93@w3.org;Male;Chemical Engineer;03/05/2015;25PT
329;Håkan;Stephens;pstephens94@lulu.com;Female;Graphic Designer;07/04/2014;20ES
330;Ruì;Warren;kwarren95@dailymotion.com;Male;Mechanical Systems Engineer;17/08/2015;07FR
331;Desirée;Stewart;estewart96@pen.io;Female;Paralegal;16/12/2014;15PT
332;Athéna;West;mwest97@sohu.com;Female;Actuary;26/09/2013;18PT
333;André;Mills;pmills98@arstechnica.com;Female;Software Engineer II;12/02/2013;05FR
334;Néhémie;Palmer;epalmer99@lulu.com;Female;Geological Engineer;14/08/2015;16FR
335;Måns;Simpson;msimpson9a@w3.org;Male;Technical Writer;09/07/2013;08MA
336;Yè;Anderson;handerson9b@bloomberg.com;Female;Sales Associate;17/06/2012;17FR
337;Pénélope;Adams;radams9c@deviantart.com;Female;Food Chemist;08/05/2013;23TN
338;Mà;Stewart;mstewart9d@slate.com;Female;Electrical Engineer;03/11/2014;21FR
339;Desirée;Frazier;dfrazier9e@google.ca;Female;Administrative Officer;20/02/2016;10PT
340;Clémence;Austin;naustin9f@webnode.com;Male;Senior Financial Analyst;25/06/2014;18PT
341;Clélia;Kim;dkim9g@epa.gov;Female;VP Quality Control;02/01/2015;22FR
342;Personnalisée;Martin;bmartin9h@youku.com;Female;Senior Developer;13/06/2015;24PT
343;Mårten;Bell;mbell9i@istockphoto.com;Male;Sales Representative;03/02/2013;09PT
344;Thérèsa;Harper;aharper9j@phoca.cz;Female;Programmer I;07/09/2012;20ES
345;Lyséa;Reed;jreed9k@alibaba.com;Female;Teacher;15/11/2014;09PT
346;Geneviève;Richards;drichards9l@vistaprint.com;Male;Administrative Officer;17/03/2013;06PT
347;Maïwenn;Richards;mrichards9m@tuttocitta.it;Male;Paralegal;30/10/2015;24PT
348;Eléa;Campbell;lcampbell9n@ustream.tv;Male;Research Assistant III;02/05/2015;11PT
349;Kù;Andrews;jandrews9o@wunderground.com;Male;Associate Professor;25/04/2013;17FR
350;Gaëlle;Ray;cray9p@bravesites.com;Female;Web Designer III;26/02/2014;20ES
351;Tán;Bowman;hbowman9q@icq.com;Female;Programmer Analyst IV;13/09/2015;10PT
352;Estève;Turner;aturner9r@i2i.jp;Female;Human Resources Manager;24/11/2014;07FR
353;Laïla;Mason;amason9s@simplemachines.org;Male;Senior Cost Accountant;15/03/2015;18PT
354;Léonie;King;gking9t@github.com;Female;Physical Therapy Assistant;25/12/2012;18PT
355;Méthode;Mitchell;cmitchell9u@arizona.edu;Male;Developer III;29/02/2016;07FR
356;Annotée;Foster;jfoster9v@ustream.tv;Male;Account Executive;01/12/2015;26FR
357;Cunégonde;Barnes;jbarnes9w@forbes.com;Female;Web Developer IV;13/07/2015;07FR
358;Estée;Roberts;eroberts9x@livejournal.com;Female;Data Coordiator;24/11/2012;04UA
359;Léana;Gomez;mgomez9y@prweb.com;Female;Community Outreach Specialist;12/03/2014;15PT
360;Maëline;Black;mblack9z@psu.edu;Female;Database Administrator I;24/09/2014;19UA
361;Maëlla;Armstrong;jarmstronga0@hatena.ne.jp;Female;Administrative Officer;01/08/2015;25PT
362;Vénus;Daniels;cdanielsa1@ucoz.com;Female;Research Nurse;28/05/2013;09PT
363;Josée;Alvarez;jalvareza2@smh.com.au;Male;Senior Quality Engineer;14/05/2013;02FR
364;Ruì;Berry;aberrya3@ifeng.com;Male;Internal Auditor;20/04/2013;10PT
365;Inès;Gutierrez;lgutierreza4@craigslist.org;Male;Chief Design Engineer;30/03/2015;18PT
366;Judicaël;Butler;jbutlera5@mashable.com;Male;Research Nurse;26/11/2015;20ES
367;Maëlyss;Barnes;sbarnesa6@ovh.net;Female;Web Developer III;14/08/2015;13FR
368;Bérénice;Graham;kgrahama7@kickstarter.com;Female;Technical Writer;29/04/2015;05FR
369;Aurélie;Jacobs;mjacobsa8@paginegialle.it;Female;Software Engineer IV;25/02/2015;26FR
370;Estève;Franklin;sfranklina9@washingtonpost.com;Male;Project Manager;31/08/2015;17FR
371;Célestine;Ortiz;kortizaa@who.int;Female;GIS Technical Architect;06/08/2012;04UA
372;Michèle;Fox;rfoxab@zdnet.com;Male;Environmental Tech;21/10/2012;24PT
373;Estée;Kelly;pkellyac@tamu.edu;Female;Librarian;07/07/2015;16FR
374;Marie-ève;Myers;mmyersad@cargocollective.com;Female;Statistician IV;10/07/2013;21FR
375;Léa;Lopez;slopezae@whitehouse.gov;Male;Nuclear Power Engineer;24/11/2013;11PT
376;Salomé;Jones;rjonesaf@nyu.edu;Female;Business Systems Development Analyst;13/07/2014;09PT
377;Illustrée;Wallace;jwallaceag@etsy.com;Male;Research Nurse;29/11/2012;20ES
378;Erwéi;Holmes;jholmesah@lycos.com;Female;Programmer I;05/11/2013;25PT
379;Illustrée;Bishop;bbishopai@a8.net;Male;Media Manager IV;18/03/2014;09PT
380;Ruì;Garrett;pgarrettaj@miitbeian.gov.cn;Female;Project Manager;28/06/2014;04UA
381;Aloïs;Jones;djonesak@cmu.edu;Male;Occupational Therapist;07/12/2012;05FR
382;Mélanie;Banks;jbanksal@weather.com;Female;Financial Analyst;04/07/2013;19UA
383;Yè;Tucker;htuckeram@digg.com;Female;VP Accounting;01/08/2015;08MA
384;Anaëlle;Richards;trichardsan@berkeley.edu;Female;Nurse Practicioner;11/09/2013;10PT
385;Naëlle;Patterson;apattersonao@wikispaces.com;Female;Research Assistant III;19/03/2014;17FR
386;Clélia;Anderson;randersonap@unc.edu;Female;Senior Cost Accountant;05/03/2013;25PT
387;Marie-françoise;Murray;smurrayaq@va.gov;Male;Research Associate;12/11/2013;11PT
388;Félicie;Diaz;pdiazar@mashable.com;Male;Dental Hygienist;22/07/2013;26FR
389;Camélia;Lewis;klewisas@independent.co.uk;Female;Marketing Manager;08/02/2015;09PT
390;Maëlle;Morris;rmorrisat@newsvine.com;Female;Automation Specialist I;13/01/2015;05FR
391;Cléopatre;Olson;rolsonau@stumbleupon.com;Female;Technical Writer;02/05/2013;18PT
392;Cinéma;Pierce;epierceav@noaa.gov;Female;Programmer I;14/10/2013;25PT
393;Renée;Wagner;mwagneraw@europa.eu;Female;Senior Quality Engineer;06/04/2015;18PT
394;Inès;Freeman;afreemanax@ocn.ne.jp;Female;VP Sales;27/08/2012;26FR
395;Alizée;Lawrence;jlawrenceay@bbb.org;Female;Software Test Engineer IV;23/12/2012;12FR
396;Björn;Meyer;rmeyeraz@uiuc.edu;Female;Web Developer III;16/09/2015;02FR
397;Eliès;Morales;hmoralesb0@altervista.org;Male;Sales Representative;12/08/2014;11PT
398;Nuó;Medina;wmedinab1@odnoklassniki.ru;Male;Chief Design Engineer;20/04/2013;10PT
399;Garçon;Stanley;jstanleyb2@prnewswire.com;Female;Legal Assistant;11/01/2013;15PT
400;Maïwenn;Rogers;mrogersb3@i2i.jp;Female;Senior Sales Associate;27/07/2014;15PT
401;Amélie;Vasquez;jvasquezb4@list-manage.com;Female;Financial Advisor;29/05/2012;26FR
402;Maïlys;West;cwestb5@theatlantic.com;Female;Environmental Tech;18/01/2013;08MA
403;Laurélie;Morrison;cmorrisonb6@reverbnation.com;Female;Community Outreach Specialist;25/08/2012;02FR
404;Ophélie;Perez;fperezb7@marriott.com;Female;Financial Advisor;11/12/2012;14FR
405;Valérie;Chavez;vchavezb8@irs.gov;Male;Assistant Professor;02/11/2015;04UA
406;Håkan;Bowman;tbowmanb9@ihg.com;Female;Senior Financial Analyst;20/08/2013;09PT
407;Fèi;Jenkins;mjenkinsba@infoseek.co.jp;Male;Software Consultant;22/02/2015;24PT
408;Vérane;Carroll;lcarrollbb@amazonaws.com;Female;Sales Representative;26/03/2016;10PT
409;Stévina;Martin;jmartinbc@spiegel.de;Female;Recruiting Manager;01/07/2012;08MA
410;Esbjörn;Oliver;joliverbd@google.es;Male;Account Executive;05/03/2016;06PT
411;Tú;Knight;tknightbe@chicagotribune.com;Female;Automation Specialist I;06/08/2015;24PT
412;Laïla;Schmidt;mschmidtbf@lulu.com;Female;Community Outreach Specialist;16/10/2013;21FR
413;Mélanie;Roberts;trobertsbg@imageshack.us;Male;Civil Engineer;12/03/2015;03FR
414;Andréanne;Green;agreenbh@wiley.com;Male;Environmental Specialist;02/01/2015;15PT
415;Adélaïde;Perkins;kperkinsbi@dell.com;Male;Analyst Programmer;22/10/2012;11PT
416;Torbjörn;Gordon;egordonbj@dagondesign.com;Female;Nurse;06/12/2015;12FR
417;Yè;Ferguson;rfergusonbk@lulu.com;Female;Financial Analyst;24/06/2015;20ES
418;Garçon;Williamson;jwilliamsonbl@google.es;Male;Project Manager;24/03/2016;06PT
419;Simplifiés;Johnston;djohnstonbm@smugmug.com;Female;Accounting Assistant IV;22/01/2014;20ES
420;Marylène;Chapman;tchapmanbn@narod.ru;Male;Accountant II;04/12/2013;24PT
421;Dafnée;Price;apricebo@miibeian.gov.cn;Male;Geologist II;05/11/2015;05FR
422;Lorène;Marshall;jmarshallbp@alibaba.com;Female;Product Engineer;18/10/2014;01UA
423;Stéphanie;Simmons;vsimmonsbq@engadget.com;Female;Computer Systems Analyst II;29/04/2015;12FR
424;Béatrice;Rose;jrosebr@bbb.org;Male;Software Consultant;19/04/2013;02FR
425;Renée;Morrison;gmorrisonbs@posterous.com;Male;Nurse;30/05/2014;16FR
426;Maëlann;Harrison;sharrisonbt@goo.gl;Female;Senior Sales Associate;28/08/2012;11PT
427;Lèi;Bradley;kbradleybu@wisc.edu;Female;Mechanical Systems Engineer;08/08/2015;16FR
428;Annotée;Rodriguez;prodriguezbv@nature.com;Female;Editor;19/05/2015;03FR
429;Annotés;Black;mblackbw@google.de;Male;Mechanical Systems Engineer;19/10/2013;05FR
430;Mélissandre;Schmidt;kschmidtbx@si.edu;Male;Programmer I;27/04/2013;16FR
431;Méline;Payne;wpayneby@jigsy.com;Female;Programmer IV;02/09/2014;21FR
432;Mélia;Russell;brussellbz@godaddy.com;Female;Senior Developer;12/06/2015;24PT
433;Cléopatre;Evans;pevansc0@buzzfeed.com;Female;Product Engineer;08/12/2014;02FR
434;Dù;Flores;afloresc1@dailymotion.com;Female;Civil Engineer;08/10/2014;13FR
435;Yáo;Daniels;jdanielsc2@ezinearticles.com;Male;Professor;25/04/2014;14FR
436;Naéva;Perez;pperezc3@weibo.com;Male;Graphic Designer;18/08/2014;07FR
437;Mà;Armstrong;parmstrongc4@qq.com;Male;Internal Auditor;28/03/2016;06PT
438;Léone;Mason;jmasonc5@prlog.org;Female;Internal Auditor;29/01/2014;13FR
439;Anaël;Robertson;wrobertsonc6@telegraph.co.uk;Female;Information Systems Manager;16/06/2014;17FR
440;Hélèna;Burke;eburkec7@businessweek.com;Female;VP Accounting;13/12/2012;08MA
441;Méghane;Powell;mpowellc8@nasa.gov;Male;Software Consultant;04/10/2012;16FR
442;Salomé;Hunter;khunterc9@state.tx.us;Female;VP Sales;17/08/2014;22FR
443;Mylène;Ellis;jellisca@ucoz.ru;Male;Design Engineer;14/05/2012;09PT
444;Håkan;Welch;twelchcb@google.com.au;Female;Legal Assistant;04/12/2013;14FR
445;Danièle;Nelson;jnelsoncc@usatoday.com;Female;Geological Engineer;24/09/2012;09PT
446;Lorène;Stanley;wstanleycd@wikipedia.org;Male;Mechanical Systems Engineer;24/04/2015;15PT
447;Gösta;Harrison;pharrisonce@aboutads.info;Male;Sales Associate;14/08/2015;16FR
448;Rachèle;Harvey;rharveycf@mediafire.com;Female;Analog Circuit Design manager;07/03/2015;15PT
449;Maïlys;Oliver;molivercg@google.es;Female;Structural Analysis Engineer;30/03/2016;19UA
450;Léonie;Gray;sgraych@example.com;Male;Compensation Analyst;26/09/2012;22FR
451;Åke;Carroll;lcarrollci@irs.gov;Female;Legal Assistant;12/01/2014;21FR
452;Stéphanie;Simmons;csimmonscj@cbsnews.com;Female;Human Resources Assistant IV;09/06/2013;20ES
453;Marylène;Richards;hrichardsck@webmd.com;Male;Administrative Officer;18/07/2014;14FR
454;Naéva;Johnson;ljohnsoncl@ocn.ne.jp;Male;Chief Design Engineer;07/01/2016;14FR
455;Ruì;Bell;tbellcm@deviantart.com;Male;Mechanical Systems Engineer;11/11/2014;02FR
456;Cléa;Garza;cgarzacn@hostgator.com;Female;Quality Engineer;17/07/2013;20ES
457;Adèle;Palmer;bpalmerco@webmd.com;Female;Data Coordiator;18/10/2013;10PT
458;Aí;Mills;mmillscp@1688.com;Male;Project Manager;09/05/2015;10PT
459;Léane;Williamson;jwilliamsoncq@columbia.edu;Female;Engineer III;23/09/2015;25PT
460;Océane;Gilbert;jgilbertcr@imageshack.us;Female;VP Accounting;29/09/2012;18PT
461;Néhémie;Mccoy;kmccoycs@usatoday.com;Male;Structural Analysis Engineer;08/08/2012;06PT
462;Maëline;Bryant;abryantct@xrea.com;Male;Sales Associate;02/02/2014;08MA
463;Magdalène;Lewis;plewiscu@privacy.gov.au;Male;Registered Nurse;01/05/2012;08MA
464;Estève;Moore;mmoorecv@google.com.au;Female;Quality Engineer;20/04/2016;25PT
465;Hélène;Jacobs;mjacobscw@bbc.co.uk;Male;Research Nurse;21/09/2015;09PT
466;Mà;Collins;bcollinscx@nsw.gov.au;Male;Chemical Engineer;22/04/2014;06PT
467;Yè;Garcia;cgarciacy@google.es;Male;Research Associate;13/11/2015;09PT
468;Nuó;Anderson;candersoncz@berkeley.edu;Male;Paralegal;19/08/2013;11PT
469;Eliès;Bowman;lbowmand0@xinhuanet.com;Male;Human Resources Manager;23/08/2013;12FR
470;Marie-hélène;Elliott;pelliottd1@scribd.com;Male;Graphic Designer;08/02/2013;05FR
471;Gisèle;Ward;cwardd2@spotify.com;Female;Chief Design Engineer;11/02/2013;05FR
472;Kù;Duncan;aduncand3@blog.com;Female;Marketing Assistant;11/09/2013;11PT
473;Océanne;Welch;swelchd4@yelp.com;Male;Cost Accountant;19/02/2016;23TN
474;Bérangère;Henry;lhenryd5@tiny.cc;Male;VP Product Management;20/06/2014;12FR
475;Östen;Day;pdayd6@jimdo.com;Male;Account Executive;18/10/2015;11PT
476;Maï;George;lgeorged7@cnbc.com;Female;Environmental Tech;20/10/2012;09PT
477;Anaël;Sullivan;dsullivand8@yale.edu;Female;Accountant II;04/10/2013;06PT
478;Adélaïde;Peters;jpetersd9@yellowpages.com;Female;Programmer I;09/02/2016;24PT
479;Cécile;Hunt;phuntda@irs.gov;Male;Business Systems Development Analyst;08/07/2013;24PT
480;Méryl;Powell;kpowelldb@sciencedirect.com;Male;Structural Analysis Engineer;26/11/2015;01UA
481;Adèle;Edwards;jedwardsdc@sina.com.cn;Female;Safety Technician IV;28/03/2016;10PT
482;Naéva;Richards;wrichardsdd@example.com;Male;Editor;11/08/2015;10PT
483;Célestine;Wallace;awallacede@forbes.com;Male;Staff Scientist;18/10/2014;09PT
484;Liè;Martin;jmartindf@google.com.hk;Female;Pharmacist;27/06/2015;14FR
485;Daphnée;Banks;dbanksdg@sfgate.com;Female;Dental Hygienist;15/04/2015;04UA
486;Pénélope;Porter;jporterdh@illinois.edu;Male;Help Desk Technician;13/01/2016;21FR
487;Cinéma;Smith;csmithdi@reuters.com;Male;Payment Adjustment Coordinator;29/01/2016;09PT
488;Daphnée;Garrett;agarrettdj@odnoklassniki.ru;Male;Payment Adjustment Coordinator;12/10/2014;03FR
489;Mà;Nichols;hnicholsdk@printfriendly.com;Male;Geological Engineer;19/12/2013;18PT
490;Erwéi;Kelley;ekelleydl@constantcontact.com;Male;Staff Scientist;08/10/2012;08MA
491;Esbjörn;Ruiz;sruizdm@xrea.com;Male;Structural Engineer;04/02/2015;05FR
492;Solène;Bishop;mbishopdn@amazon.com;Female;Senior Financial Analyst;17/10/2012;22FR
493;Maéna;Perkins;jperkinsdo@netvibes.com;Female;Accountant III;24/12/2015;03FR
494;Maëlys;Fowler;nfowlerdp@google.nl;Male;Professor;21/06/2013;24PT
495;Åsa;Garza;egarzadq@nytimes.com;Male;Chief Design Engineer;09/11/2015;22FR
496;Séverine;Ferguson;jfergusondr@si.edu;Male;Marketing Manager;16/04/2014;16FR
497;Eliès;Diaz;rdiazds@smh.com.au;Female;VP Product Management;07/11/2015;23TN
498;Solène;Payne;mpaynedt@lulu.com;Female;Senior Quality Engineer;09/03/2013;05FR
499;Östen;Riley;srileydu@fotki.com;Female;Graphic Designer;20/07/2015;19UA
500;Noëlla;Kelley;skelleydv@so-net.ne.jp;Male;Clinical Specialist;01/12/2014;12FR
501;Séréna;Bradley;wbradleydw@zimbio.com;Male;Social Worker;08/06/2012;09PT
502;Aimée;Meyer;gmeyerdx@dyndns.org;Female;Software Engineer III;26/02/2016;08MA
503;Maëline;Watson;nwatsondy@hexun.com;Female;Research Nurse;25/11/2012;16FR
504;Gösta;Adams;aadamsdz@dailymail.co.uk;Female;VP Product Management;11/01/2014;16FR
505;Léa;Phillips;bphillipse0@engadget.com;Male;Professor;09/08/2014;21FR
506;Clémence;Mccoy;jmccoye1@ehow.com;Male;Database Administrator III;24/11/2015;22FR
507;Dorothée;Scott;tscotte2@ow.ly;Female;Speech Pathologist;25/09/2015;09PT
508;Anaïs;Welch;lwelche3@reverbnation.com;Female;Associate Professor;30/08/2013;19UA
509;Andréa;Howard;ehowarde4@uiuc.edu;Male;Product Engineer;13/07/2014;17FR
510;Åsa;Berry;aberrye5@zdnet.com;Male;Food Chemist;06/05/2012;13FR
511;Stévina;Burke;mburkee6@bloglines.com;Female;Senior Quality Engineer;18/03/2016;15PT
512;Marie-hélène;Day;kdaye7@feedburner.com;Male;Recruiting Manager;19/12/2012;15PT
513;Inès;Ross;lrosse8@weebly.com;Female;Senior Quality Engineer;16/11/2013;02FR
514;Stévina;Elliott;helliotte9@usa.gov;Female;Payment Adjustment Coordinator;25/01/2014;06PT
515;Véronique;Cruz;mcruzea@ted.com;Male;Help Desk Operator;04/04/2013;24PT
516;Séréna;Grant;sgranteb@technorati.com;Female;Pharmacist;05/08/2014;12FR
517;Dorothée;Watkins;vwatkinsec@addtoany.com;Female;Account Executive;10/12/2013;11PT
518;Geneviève;Martinez;bmartinezed@latimes.com;Female;Paralegal;21/11/2013;20ES
519;Publicité;Nguyen;jnguyenee@dropbox.com;Male;Staff Scientist;24/09/2012;09PT
520;Léa;Carter;jcarteref@nature.com;Male;Civil Engineer;13/05/2013;26FR
521;Amélie;Frazier;sfraziereg@nymag.com;Male;Director of Sales;14/01/2015;01UA
522;Naëlle;Dixon;gdixoneh@technorati.com;Female;Staff Accountant I;23/08/2014;03FR
523;Mélys;Porter;dporterei@wikipedia.org;Male;Teacher;12/02/2015;11PT
524;Méng;Porter;jporterej@ft.com;Male;Software Consultant;22/05/2012;09PT
525;Régine;Jackson;pjacksonek@examiner.com;Female;Senior Cost Accountant;12/03/2014;14FR
526;Salomé;Howard;mhowardel@123-reg.co.uk;Male;Associate Professor;20/10/2015;20ES
527;Lóng;Daniels;rdanielsem@princeton.edu;Male;Electrical Engineer;09/08/2014;06PT
528;Yáo;Burton;jburtonen@xing.com;Male;Account Representative II;25/10/2013;09PT
529;Mén;Ramirez;kramirezeo@hostgator.com;Male;Assistant Professor;10/03/2015;23TN
530;Maéna;Griffin;lgriffinep@narod.ru;Female;Paralegal;04/03/2014;20ES
531;Aurélie;Kennedy;ckennedyeq@desdev.cn;Male;VP Product Management;17/06/2015;06PT
532;Faîtes;Peterson;kpetersoner@bbb.org;Male;Internal Auditor;10/05/2012;22FR
533;Mélanie;Lynch;jlynches@quantcast.com;Female;Marketing Manager;23/01/2016;19UA
534;Rébecca;Martinez;cmartinezet@twitter.com;Male;VP Accounting;28/05/2012;16FR
535;Noëlla;Rice;kriceeu@microsoft.com;Female;Product Engineer;09/05/2014;05FR
536;Eloïse;Carpenter;bcarpenterev@fda.gov;Male;Database Administrator IV;10/02/2015;17FR
537;Yóu;Baker;fbakerew@virginia.edu;Male;VP Product Management;25/03/2013;05FR
538;Rébecca;Rogers;wrogersex@multiply.com;Male;Account Representative II;22/03/2014;22FR
539;Annotés;Nichols;mnicholsey@jigsy.com;Male;Civil Engineer;08/08/2012;23TN
540;Anaé;Ruiz;jruizez@ocn.ne.jp;Male;Occupational Therapist;18/07/2013;21FR
541;André;Webb;jwebbf0@economist.com;Female;Programmer IV;15/06/2014;03FR
542;Mårten;Arnold;earnoldf1@dedecms.com;Male;Professor;10/08/2013;23TN
543;Táng;Holmes;mholmesf2@xrea.com;Female;Environmental Tech;30/09/2012;17FR
544;Håkan;Smith;msmithf3@eventbrite.com;Female;Human Resources Manager;16/07/2012;15PT
545;Björn;Austin;saustinf4@cocolog-nifty.com;Male;Media Manager I;29/05/2015;16FR
546;Mélinda;Fisher;jfisherf5@ustream.tv;Female;Actuary;05/01/2015;21FR
547;Noémie;Simmons;ssimmonsf6@github.com;Female;Office Assistant IV;28/08/2013;04UA
548;Cécilia;Cole;scolef7@so-net.ne.jp;Female;Assistant Professor;24/02/2014;11PT
549;Loïs;Shaw;rshawf8@ustream.tv;Female;Accountant III;15/05/2012;26FR
550;Méline;Morales;kmoralesf9@ehow.com;Male;Administrative Officer;30/04/2014;11PT
551;Séverine;Fernandez;afernandezfa@seattletimes.com;Male;Associate Professor;22/11/2015;03FR
552;Marie-josée;Mitchell;amitchellfb@clickbank.net;Male;Analog Circuit Design manager;30/08/2014;13FR
553;Léane;Snyder;msnyderfc@unblog.fr;Male;Environmental Tech;29/03/2014;15PT
554;Océane;Graham;bgrahamfd@jimdo.com;Female;Media Manager I;13/01/2016;23TN
555;Noémie;Bradley;dbradleyfe@plala.or.jp;Male;Account Coordinator;01/05/2014;17FR
556;Mårten;Martin;jmartinff@woothemes.com;Male;Human Resources Manager;27/06/2013;15PT
557;Aimée;Payne;jpaynefg@4shared.com;Female;Senior Sales Associate;28/04/2014;09PT
558;Judicaël;Lynch;llynchfh@usa.gov;Male;Dental Hygienist;23/12/2015;07FR
559;Daphnée;Gonzalez;cgonzalezfi@bbb.org;Female;Dental Hygienist;25/09/2012;04UA
560;Séverine;Edwards;cedwardsfj@de.vu;Male;Environmental Tech;16/10/2013;08MA
561;Marie-ève;Burke;nburkefk@cam.ac.uk;Female;Sales Associate;03/12/2012;23TN
562;Marlène;Black;wblackfl@cisco.com;Male;Research Assistant IV;05/09/2012;08MA
563;Marie-françoise;Wilson;dwilsonfm@multiply.com;Female;Human Resources Manager;28/08/2015;15PT
564;Loïs;Franklin;gfranklinfn@archive.org;Male;Dental Hygienist;10/07/2015;09PT
565;Mahélie;Morrison;kmorrisonfo@cnbc.com;Male;Senior Editor;29/04/2012;09PT
566;Réservés;Castillo;jcastillofp@123-reg.co.uk;Male;Pharmacist;27/02/2015;13FR
567;Adélie;Reyes;rreyesfq@wikispaces.com;Female;Director of Sales;08/03/2016;25PT
568;Chloé;Montgomery;rmontgomeryfr@home.pl;Male;Account Coordinator;18/06/2014;13FR
569;Maëly;Burke;eburkefs@cisco.com;Male;Environmental Tech;17/11/2012;06PT
570;Méryl;Weaver;jweaverft@businesswire.com;Male;Internal Auditor;30/08/2013;14FR
571;Laurélie;George;rgeorgefu@jimdo.com;Female;Assistant Media Planner;15/09/2013;26FR
572;Marie-noël;Grant;lgrantfv@yolasite.com;Female;Help Desk Technician;19/10/2012;24PT
573;Kallisté;Chapman;lchapmanfw@google.cn;Female;Research Assistant IV;10/04/2014;19UA
574;Maïlis;Daniels;cdanielsfx@oakley.com;Female;Mechanical Systems Engineer;19/09/2015;26FR
575;Camélia;Garza;dgarzafy@github.io;Female;Computer Systems Analyst IV;15/03/2016;14FR
576;Naëlle;Dunn;rdunnfz@4shared.com;Female;Computer Systems Analyst III;19/10/2014;26FR
577;Bérangère;Brown;mbrowng0@posterous.com;Female;Analyst Programmer;30/11/2013;17FR
578;Maéna;Barnes;sbarnesg1@multiply.com;Female;Engineer I;30/05/2013;16FR
579;Laurène;Romero;eromerog2@nymag.com;Female;Recruiting Manager;28/01/2015;17FR
580;Léane;Ramirez;bramirezg3@fema.gov;Female;Geologist IV;06/09/2012;15PT
581;Crééz;Gray;cgrayg4@example.com;Female;Information Systems Manager;07/05/2012;24PT
582;Dafnée;Stephens;jstephensg5@list-manage.com;Male;Database Administrator I;11/04/2015;09PT
583;Lyséa;Crawford;ccrawfordg6@vimeo.com;Male;Analyst Programmer;24/08/2015;17FR
584;Régine;Olson;holsong7@theguardian.com;Female;VP Marketing;08/10/2013;05FR
585;Thérèsa;Roberts;drobertsg8@ow.ly;Male;Developer II;05/08/2012;21FR
586;Eloïse;Bailey;pbaileyg9@constantcontact.com;Female;Assistant Media Planner;17/10/2013;18PT
587;Eloïse;Wright;mwrightga@arizona.edu;Male;Senior Sales Associate;21/08/2015;15PT
588;Thérèsa;Smith;jsmithgb@nih.gov;Male;Senior Financial Analyst;14/03/2013;10PT
589;Aurélie;Schmidt;sschmidtgc@xing.com;Female;Programmer Analyst IV;23/01/2015;09PT
590;Ráo;Wallace;wwallacegd@intel.com;Male;Administrative Assistant I;26/06/2015;14FR
591;Anaé;Snyder;asnyderge@intel.com;Female;Quality Engineer;17/09/2012;06PT
592;Jú;Carr;lcarrgf@timesonline.co.uk;Male;Professor;19/11/2015;13FR
593;Léa;Davis;sdavisgg@yandex.ru;Male;Librarian;16/06/2013;09PT
594;Agnès;Wagner;mwagnergh@buzzfeed.com;Male;Office Assistant IV;09/09/2015;12FR
595;Géraldine;Riley;krileygi@cdc.gov;Male;Librarian;27/06/2013;24PT
596;Léa;Hansen;mhansengj@comsenz.com;Female;Speech Pathologist;07/12/2014;19UA
597;Dà;Larson;slarsongk@fda.gov;Female;Tax Accountant;18/03/2013;05FR
598;Renée;Gonzalez;sgonzalezgl@hugedomains.com;Male;Analog Circuit Design manager;18/09/2015;19UA
599;Hélèna;Meyer;cmeyergm@jigsy.com;Female;Media Manager III;19/05/2013;20ES
600;Ophélie;Peterson;apetersongn@1688.com;Male;Business Systems Development Analyst;11/07/2015;12FR
601;Annotés;Little;jlittlego@tiny.cc;Male;Editor;10/11/2015;19UA
602;Mà;Daniels;adanielsgp@myspace.com;Female;Data Coordiator;28/04/2015;02FR
603;Cinéma;Kelley;dkelleygq@yahoo.com;Female;Geological Engineer;25/05/2015;17FR
604;Ráo;Murphy;pmurphygr@sina.com.cn;Male;Senior Developer;24/03/2016;09PT
605;Börje;Kim;nkimgs@amazon.com;Male;Sales Representative;24/03/2015;09PT
606;Nélie;James;mjamesgt@privacy.gov.au;Male;Operator;17/04/2014;13FR
607;Audréanne;Hart;thartgu@ed.gov;Male;Operator;24/01/2013;11PT
608;Bérengère;Kelly;dkellygv@multiply.com;Female;Financial Advisor;28/08/2014;07FR
609;Naéva;Gilbert;jgilbertgw@mashable.com;Male;Clinical Specialist;16/01/2016;23TN
610;Clémentine;Jones;rjonesgx@youtu.be;Female;Internal Auditor;05/06/2012;19UA
611;Maëline;Weaver;jweavergy@ox.ac.uk;Female;Data Coordiator;06/08/2012;21FR
612;Maéna;Hawkins;dhawkinsgz@purevolume.com;Male;VP Product Management;28/02/2015;16FR
613;Eléonore;Grant;mgranth0@mashable.com;Male;Desktop Support Technician;28/06/2015;19UA
614;Liè;Kelly;ikellyh1@economist.com;Male;Tax Accountant;13/05/2013;18PT
615;Magdalène;Carter;scarterh2@smugmug.com;Male;Product Engineer;29/01/2015;25PT
616;Kallisté;Sanders;tsandersh3@flavors.me;Male;Environmental Specialist;09/05/2014;05FR
617;André;Cunningham;pcunninghamh4@amazon.com;Female;Marketing Manager;02/08/2014;25PT
618;Fèi;Willis;jwillish5@yolasite.com;Male;Cost Accountant;07/03/2015;20ES
619;Hélèna;Cook;kcookh6@weebly.com;Female;Technical Writer;04/11/2012;03FR
620;Michèle;Richardson;prichardsonh7@domainmarket.com;Female;Administrative Officer;18/11/2014;11PT
621;Stévina;Warren;lwarrenh8@tiny.cc;Male;Web Developer IV;07/02/2016;08MA
622;Dù;Rice;criceh9@themeforest.net;Female;Associate Professor;17/11/2014;04UA
623;Cunégonde;Ramirez;dramirezha@wired.com;Male;Media Manager I;31/03/2014;13FR
624;Nuó;Jenkins;ajenkinshb@studiopress.com;Male;VP Product Management;18/12/2014;16FR
625;Adèle;Rodriguez;mrodriguezhc@newyorker.com;Male;Editor;25/10/2015;16FR
626;Magdalène;Dunn;mdunnhd@de.vu;Male;Research Nurse;30/05/2014;07FR
627;Görel;Bowman;lbowmanhe@sourceforge.net;Male;Design Engineer;24/10/2015;23TN
628;Liè;Ferguson;cfergusonhf@cnbc.com;Female;Speech Pathologist;19/03/2013;11PT
629;Styrbjörn;Torres;etorreshg@google.pl;Male;Nuclear Power Engineer;21/05/2014;21FR
630;Jú;Hall;dhallhh@meetup.com;Female;General Manager;04/09/2014;05FR
631;Régine;Holmes;eholmeshi@google.com;Male;Programmer III;10/08/2014;25PT
632;Kù;Gutierrez;agutierrezhj@joomla.org;Male;Geological Engineer;06/07/2013;18PT
633;Maëlys;Owens;jowenshk@goo.ne.jp;Male;Operator;25/08/2012;16FR
634;Adélaïde;Evans;devanshl@salon.com;Female;Assistant Media Planner;01/03/2015;12FR
635;Ruò;Wright;twrighthm@symantec.com;Male;Research Associate;02/08/2014;01UA
636;Cléopatre;King;jkinghn@uol.com.br;Female;Senior Sales Associate;12/10/2015;25PT
637;Léane;Kim;gkimho@globo.com;Male;Environmental Specialist;02/08/2012;18PT
638;Réservés;Chapman;cchapmanhp@mayoclinic.com;Male;Administrative Officer;28/10/2014;21FR
639;Maïlys;Gibson;lgibsonhq@ftc.gov;Female;Executive Secretary;25/11/2012;05FR
640;Esbjörn;Ruiz;eruizhr@intel.com;Male;Systems Administrator IV;01/08/2015;06PT
641;Lucrèce;Coleman;rcolemanhs@shareasale.com;Female;Systems Administrator III;29/06/2013;02FR
642;Cinéma;Romero;hromeroht@oaic.gov.au;Female;Health Coach II;13/06/2013;12FR
643;Yénora;Matthews;hmatthewshu@theguardian.com;Female;Geological Engineer;27/06/2015;23TN
644;Måns;Graham;agrahamhv@bloglines.com;Male;Engineer IV;08/08/2013;12FR
645;Françoise;Harris;wharrishw@accuweather.com;Female;Sales Representative;18/04/2016;19UA
646;Céline;Snyder;asnyderhx@un.org;Female;Staff Accountant IV;21/03/2013;02FR
647;Almérinda;Kennedy;jkennedyhy@cnbc.com;Female;Programmer Analyst IV;24/11/2015;26FR
648;Aí;Taylor;jtaylorhz@soup.io;Male;Professor;13/11/2012;26FR
649;Gaïa;Jenkins;djenkinsi0@wiley.com;Female;Engineer IV;11/07/2015;16FR
650;Camélia;Mcdonald;wmcdonaldi1@earthlink.net;Female;Staff Scientist;30/07/2015;17FR
651;Mélia;Hawkins;dhawkinsi2@wunderground.com;Female;VP Sales;10/01/2013;20ES
652;Sélène;Carpenter;rcarpenteri3@chicagotribune.com;Female;Quality Control Specialist;08/09/2013;19UA
653;Geneviève;Rice;cricei4@weebly.com;Female;Executive Secretary;22/03/2015;14FR
654;Esbjörn;Webb;awebbi5@nature.com;Male;Senior Cost Accountant;06/12/2013;24PT
655;Göran;Bishop;bbishopi6@huffingtonpost.com;Female;Help Desk Technician;04/04/2013;17FR
656;Pål;Hawkins;rhawkinsi7@cbsnews.com;Female;Administrative Officer;29/03/2014;13FR
657;Åke;Jordan;jjordani8@blog.com;Female;Editor;27/10/2012;12FR
658;Ruò;Murray;smurrayi9@blog.com;Female;Systems Administrator II;17/06/2012;16FR
659;Crééz;Hansen;ahansenia@sfgate.com;Female;Automation Specialist II;27/09/2013;13FR
660;Bécassine;Payne;dpayneib@pcworld.com;Male;Editor;15/05/2013;01UA
661;Sòng;Carter;acarteric@stanford.edu;Female;Data Coordiator;03/03/2015;16FR
662;Maëlle;Mccoy;gmccoyid@weather.com;Female;Assistant Professor;16/04/2014;17FR
663;Anaïs;Holmes;jholmesie@unblog.fr;Male;Programmer Analyst II;18/08/2012;09PT
664;Marie-thérèse;Roberts;mrobertsif@ibm.com;Male;Research Nurse;08/04/2015;16FR
665;Léandre;Watkins;mwatkinsig@trellian.com;Male;Marketing Assistant;16/05/2013;08MA
666;Lorène;Reed;treedih@cnbc.com;Female;Operator;05/06/2012;11PT
667;Kallisté;Henry;mhenryii@scribd.com;Female;Community Outreach Specialist;30/05/2014;16FR
668;Maëlyss;Evans;devansij@cloudflare.com;Female;Senior Editor;09/05/2015;18PT
669;Lorène;Hawkins;chawkinsik@meetup.com;Male;VP Quality Control;12/02/2016;25PT
670;Cécilia;Carr;pcarril@microsoft.com;Female;Financial Advisor;16/07/2014;08MA
671;Mén;Coleman;ecolemanim@gov.uk;Female;Food Chemist;05/05/2012;05FR
672;Daphnée;Larson;alarsonin@guardian.co.uk;Male;Geologist II;16/12/2014;03FR
673;Maïlys;Burton;jburtonio@salon.com;Male;Compensation Analyst;12/10/2013;10PT
674;Cécile;Howell;rhowellip@ftc.gov;Female;Geological Engineer;26/09/2014;01UA
675;Léandre;Mendoza;kmendozaiq@elegantthemes.com;Female;Director of Sales;10/12/2015;05FR
676;Méline;Morgan;emorganir@ehow.com;Female;Geological Engineer;10/07/2015;20ES
677;Clémentine;Lane;dlaneis@symantec.com;Female;Developer II;23/10/2012;08MA
678;Célestine;Warren;bwarrenit@de.vu;Male;Sales Associate;23/10/2015;26FR
679;Mélissandre;Simmons;msimmonsiu@virginia.edu;Male;Software Test Engineer IV;16/08/2015;05FR
680;Mélia;Gonzales;agonzalesiv@ovh.net;Male;Paralegal;26/04/2013;26FR
681;Ruì;Schmidt;jschmidtiw@answers.com;Female;Automation Specialist III;16/12/2012;09PT
682;Görel;Richards;brichardsix@tmall.com;Male;Research Assistant II;15/01/2013;23TN
683;Thérèsa;Peterson;spetersoniy@webeden.co.uk;Female;Chief Design Engineer;08/11/2014;02FR
684;Gérald;Greene;tgreeneiz@howstuffworks.com;Female;Electrical Engineer;27/01/2014;04UA
685;Océanne;Cook;ecookj0@goo.gl;Male;Senior Quality Engineer;09/06/2014;09PT
686;Cécilia;Mccoy;cmccoyj1@ibm.com;Male;Account Executive;03/03/2016;01UA
687;Yáo;Campbell;dcampbellj2@opera.com;Male;Assistant Manager;31/10/2014;15PT
688;Uò;Phillips;sphillipsj3@ucoz.com;Female;Quality Control Specialist;28/07/2013;09PT
689;Gwenaëlle;Stewart;pstewartj4@amazonaws.com;Female;Software Consultant;20/07/2012;22FR
690;Célestine;Stevens;estevensj5@house.gov;Female;Paralegal;24/01/2015;17FR
691;Bérangère;Lynch;rlynchj6@yolasite.com;Male;Speech Pathologist;18/04/2014;13FR
692;Laïla;Jenkins;tjenkinsj7@toplist.cz;Female;Mechanical Systems Engineer;05/12/2013;13FR
693;Geneviève;Payne;rpaynej8@wikimedia.org;Female;Budget/Accounting Analyst I;25/02/2016;16FR
694;Gaïa;Willis;mwillisj9@google.nl;Female;Pharmacist;06/11/2015;03FR
695;Gaëlle;George;ggeorgeja@google.es;Female;Human Resources Manager;07/03/2014;08MA
696;Lyséa;Adams;jadamsjb@yale.edu;Male;Paralegal;24/02/2013;16FR
697;Clémentine;Stone;lstonejc@toplist.cz;Male;Food Chemist;08/10/2014;03FR
698;Geneviève;Alvarez;dalvarezjd@mtv.com;Female;Safety Technician II;14/12/2015;19UA
699;Åke;Johnson;jjohnsonje@washington.edu;Female;Data Coordiator;14/10/2013;10PT
700;Daphnée;Hayes;phayesjf@hatena.ne.jp;Male;Associate Professor;07/04/2016;09PT
701;Ophélie;Castillo;scastillojg@cafepress.com;Male;Operator;25/09/2012;11PT
702;Görel;Romero;rromerojh@senate.gov;Male;VP Sales;01/08/2015;06PT
703;Maëlyss;Little;blittleji@prweb.com;Female;Senior Developer;25/10/2013;22FR
704;Joséphine;Dean;adeanjj@reddit.com;Male;Clinical Specialist;01/11/2013;24PT
705;Aurélie;Montgomery;gmontgomeryjk@house.gov;Female;Chemical Engineer;21/04/2013;03FR
706;Liè;Stanley;kstanleyjl@canalblog.com;Female;Programmer Analyst III;26/02/2015;11PT
707;Börje;Owens;kowensjm@comcast.net;Male;Automation Specialist I;09/03/2013;10PT
708;Joséphine;Howard;bhowardjn@engadget.com;Male;Accounting Assistant IV;17/11/2012;05FR
709;Östen;Thomas;athomasjo@cdbaby.com;Female;Assistant Manager;01/11/2014;11PT
710;Yóu;Bishop;rbishopjp@list-manage.com;Male;Physical Therapy Assistant;21/12/2012;17FR
711;Pål;Edwards;dedwardsjq@squarespace.com;Male;Human Resources Assistant III;21/08/2012;03FR
712;Almérinda;Stephens;mstephensjr@angelfire.com;Male;Physical Therapy Assistant;12/05/2013;07FR
713;Aurélie;Pierce;mpiercejs@guardian.co.uk;Female;Associate Professor;10/07/2015;11PT
714;Estée;Perkins;jperkinsjt@arstechnica.com;Female;Design Engineer;05/12/2014;25PT
715;Frédérique;Wells;bwellsju@biglobe.ne.jp;Male;Actuary;11/01/2015;05FR
716;Táng;Ruiz;pruizjv@quantcast.com;Female;Engineer III;03/08/2014;25PT
717;Edmée;Adams;madamsjw@sciencedirect.com;Female;Environmental Specialist;08/11/2015;07FR
718;Salomé;Reid;areidjx@yahoo.co.jp;Female;Senior Sales Associate;08/03/2013;10PT
719;Dafnée;Hansen;chansenjy@simplemachines.org;Female;Help Desk Operator;15/04/2014;07FR
720;Maëlyss;Olson;lolsonjz@fc2.com;Female;Executive Secretary;10/05/2015;22FR
721;Célestine;Cook;acookk0@uol.com.br;Male;Staff Accountant III;21/01/2015;11PT
722;Méline;Long;clongk1@zdnet.com;Male;Cost Accountant;24/08/2015;12FR
723;Loïc;Shaw;cshawk2@uiuc.edu;Female;Senior Quality Engineer;01/02/2015;01UA
724;Aloïs;Ward;awardk3@jigsy.com;Female;Staff Accountant III;09/05/2013;10PT
725;Ráo;Moore;bmoorek4@washingtonpost.com;Female;Recruiting Manager;01/11/2015;16FR
726;Athéna;Butler;tbutlerk5@cocolog-nifty.com;Female;Systems Administrator III;08/07/2014;09PT
727;Célia;Arnold;parnoldk6@weebly.com;Female;Senior Financial Analyst;24/01/2016;25PT
728;Amélie;Patterson;epattersonk7@163.com;Male;Human Resources Assistant III;01/03/2014;08MA
729;Danièle;Lynch;rlynchk8@aboutads.info;Male;Tax Accountant;28/09/2014;06PT
730;Zhì;Franklin;rfranklink9@gravatar.com;Male;General Manager;13/03/2016;18PT
731;Méng;Frazier;afrazierka@go.com;Male;Business Systems Development Analyst;26/02/2016;07FR
732;Miléna;Spencer;sspencerkb@alexa.com;Female;Actuary;15/05/2012;26FR
733;Maëlys;Gutierrez;cgutierrezkc@biglobe.ne.jp;Male;Software Test Engineer I;29/06/2013;04UA
734;Léonie;Wilson;kwilsonkd@smugmug.com;Male;Accountant I;03/03/2014;25PT
735;Mélys;Austin;waustinke@vkontakte.ru;Male;Statistician I;21/07/2013;10PT
736;Mà;Foster;rfosterkf@ebay.com;Female;Financial Advisor;11/11/2013;15PT
737;Cécile;Lane;dlanekg@etsy.com;Male;Human Resources Manager;26/11/2012;01UA
738;Stéphanie;Lawrence;nlawrencekh@nature.com;Female;Web Developer I;13/01/2016;02FR
739;Yénora;Bryant;jbryantki@bandcamp.com;Male;Analog Circuit Design manager;13/04/2016;03FR
740;Estée;Banks;abankskj@ucoz.ru;Female;Civil Engineer;16/06/2014;03FR
741;Salomé;Torres;ctorreskk@slideshare.net;Female;Administrative Officer;17/07/2012;25PT
742;Médiamass;Watkins;kwatkinskl@telegraph.co.uk;Female;Data Coordiator;06/05/2014;11PT
743;Lèi;Sullivan;ksullivankm@example.com;Male;Paralegal;09/11/2012;11PT
744;Ruì;Bryant;mbryantkn@hhs.gov;Female;Associate Professor;05/10/2013;26FR
745;Laurélie;Hanson;chansonko@ow.ly;Female;Social Worker;15/03/2013;09PT
746;Adélaïde;Thompson;lthompsonkp@desdev.cn;Male;Desktop Support Technician;31/03/2014;26FR
747;Méline;Boyd;cboydkq@i2i.jp;Female;Dental Hygienist;17/10/2012;02FR
748;Alizée;Bryant;sbryantkr@vistaprint.com;Female;Professor;04/10/2015;21FR
749;Bérengère;West;jwestks@live.com;Male;Actuary;13/02/2016;03FR
750;Camélia;Ford;jfordkt@de.vu;Female;Senior Financial Analyst;03/11/2015;03FR
751;André;Moreno;mmorenoku@51.la;Female;Nurse Practicioner;08/12/2013;18PT
752;Cunégonde;Arnold;rarnoldkv@infoseek.co.jp;Female;Structural Engineer;29/05/2015;01UA
753;Adèle;Black;ablackkw@tripod.com;Female;Sales Associate;18/04/2013;10PT
754;Aurélie;Hughes;hhugheskx@imageshack.us;Female;Senior Sales Associate;28/08/2015;10PT
755;Anaël;Clark;wclarkky@usatoday.com;Female;Tax Accountant;04/09/2014;01UA
756;Yú;Thompson;sthompsonkz@myspace.com;Male;Structural Analysis Engineer;28/08/2012;07FR
757;Maëlann;Gibson;agibsonl0@tamu.edu;Female;Marketing Assistant;04/10/2015;19UA
758;Fèi;Welch;cwelchl1@marketwatch.com;Female;Product Engineer;03/06/2015;11PT
759;Aí;Gomez;jgomezl2@spiegel.de;Female;Analog Circuit Design manager;02/05/2012;18PT
760;Méng;Baker;hbakerl3@github.com;Male;Safety Technician I;28/10/2013;18PT
761;Michèle;Peterson;dpetersonl4@accuweather.com;Female;Assistant Manager;18/10/2012;13FR
762;Lài;Kennedy;hkennedyl5@symantec.com;Male;Environmental Specialist;12/12/2014;18PT
763;Aimée;Simpson;ksimpsonl6@narod.ru;Male;Human Resources Manager;08/07/2012;18PT
764;Eloïse;Walker;awalkerl7@google.ca;Male;Civil Engineer;09/03/2014;19UA
765;Pò;Andrews;aandrewsl8@chicagotribune.com;Male;Software Engineer II;19/09/2014;18PT
766;Maëlyss;Thomas;dthomasl9@tmall.com;Male;Financial Analyst;28/01/2014;07FR
767;Bérangère;Thompson;bthompsonla@ucoz.com;Female;Environmental Specialist;17/05/2013;22FR
768;Pélagie;Perez;jperezlb@nbcnews.com;Female;GIS Technical Architect;23/08/2014;12FR
769;Geneviève;Gonzalez;ngonzalezlc@ocn.ne.jp;Female;Occupational Therapist;25/02/2014;12FR
770;Gérald;Harper;charperld@washingtonpost.com;Male;Office Assistant II;15/06/2014;18PT
771;Liè;Bell;vbellle@businesswire.com;Female;Staff Accountant II;23/05/2015;03FR
772;Aí;Carpenter;acarpenterlf@sfgate.com;Female;Data Coordiator;09/07/2013;13FR
773;Marie-hélène;Pierce;dpiercelg@cdc.gov;Male;Teacher;30/10/2015;18PT
774;Léandre;Weaver;aweaverlh@nps.gov;Female;Recruiter;11/08/2012;01UA
775;Célestine;Lane;llaneli@washington.edu;Male;Statistician II;21/10/2015;07FR
776;Zoé;Brooks;jbrookslj@theguardian.com;Male;Human Resources Manager;19/11/2012;01UA
777;Illustrée;Mendoza;emendozalk@abc.net.au;Male;Recruiting Manager;26/08/2014;02FR
778;Crééz;Chavez;cchavezll@prlog.org;Male;Office Assistant III;15/03/2014;16FR
779;Faîtes;Carpenter;dcarpenterlm@columbia.edu;Female;Cost Accountant;03/03/2014;20ES
780;Andrée;Wright;hwrightln@ning.com;Male;Web Developer IV;07/03/2014;10PT
781;Zoé;Cooper;ccooperlo@alibaba.com;Male;Community Outreach Specialist;23/11/2013;14FR
782;Cécilia;Scott;jscottlp@howstuffworks.com;Male;Executive Secretary;24/04/2014;03FR
783;Mélys;Baker;tbakerlq@parallels.com;Female;Structural Engineer;18/06/2014;25PT
784;Vérane;Evans;cevanslr@cnbc.com;Female;Professor;03/04/2016;23TN
785;Mélodie;Parker;jparkerls@webeden.co.uk;Male;Financial Analyst;16/03/2014;05FR
786;Célia;Harris;jharrislt@mashable.com;Female;Research Associate;16/11/2012;20ES
787;Maëlyss;Dunn;ddunnlu@ibm.com;Female;Mechanical Systems Engineer;23/11/2015;18PT
788;Inès;Stevens;astevenslv@angelfire.com;Female;Graphic Designer;31/01/2013;25PT
789;Gösta;Garrett;lgarrettlw@nih.gov;Female;Junior Executive;12/01/2015;13FR
790;Magdalène;Harper;eharperlx@pinterest.com;Male;Payment Adjustment Coordinator;17/07/2014;01UA
791;Gaétane;Allen;aallenly@soup.io;Male;Assistant Professor;07/08/2012;16FR
792;Ruò;Hawkins;hhawkinslz@dmoz.org;Male;Pharmacist;24/02/2015;11PT
793;Yú;Banks;jbanksm0@goodreads.com;Male;Information Systems Manager;06/06/2013;22FR
794;Crééz;Mills;emillsm1@auda.org.au;Male;Geologist II;15/07/2013;17FR
795;Táng;Carr;jcarrm2@google.de;Male;Recruiting Manager;20/06/2014;04UA
796;Loïs;Hayes;hhayesm3@networksolutions.com;Female;Analog Circuit Design manager;10/08/2015;21FR
797;Loïs;Mason;mmasonm4@liveinternet.ru;Male;Legal Assistant;29/10/2013;01UA
798;Personnalisée;Weaver;rweaverm5@symantec.com;Female;Office Assistant IV;19/12/2012;13FR
799;Magdalène;Anderson;landersonm6@weather.com;Male;Recruiting Manager;08/09/2014;13FR
800;Agnès;Ray;mraym7@example.com;Female;Developer IV;24/09/2014;12FR
801;Aurélie;James;fjamesm8@ihg.com;Female;Engineer I;17/03/2014;06PT
802;Geneviève;Grant;jgrantm9@amazon.de;Female;Research Assistant II;20/12/2012;24PT
803;Cécile;Stevens;jstevensma@ft.com;Male;Nuclear Power Engineer;04/06/2012;02FR
804;Annotés;Fields;rfieldsmb@nytimes.com;Female;Quality Engineer;28/08/2014;11PT
805;Loïs;Ramirez;lramirezmc@dmoz.org;Male;Accountant IV;27/11/2013;19UA
806;Bérengère;Cunningham;rcunninghammd@columbia.edu;Female;Technical Writer;18/08/2015;08MA
807;Salomé;Nichols;pnicholsme@icq.com;Female;Chief Design Engineer;14/02/2016;08MA
808;Dù;Howard;rhowardmf@google.de;Female;Safety Technician II;24/10/2012;22FR
809;Cinéma;Brooks;cbrooksmg@amazon.de;Male;Staff Accountant II;23/11/2014;17FR
810;Léonie;Fisher;lfishermh@kickstarter.com;Female;Data Coordiator;18/07/2013;21FR
811;Frédérique;Bradley;tbradleymi@smh.com.au;Female;Information Systems Manager;07/04/2013;01UA
812;Géraldine;Hamilton;dhamiltonmj@unesco.org;Male;Geological Engineer;21/11/2013;18PT
813;Görel;Vasquez;jvasquezmk@go.com;Male;Office Assistant IV;05/09/2014;24PT
814;Cécilia;Martinez;jmartinezml@fastcompany.com;Female;Staff Accountant IV;08/05/2013;18PT
815;Léane;Lane;clanemm@blinklist.com;Female;Director of Sales;06/10/2015;08MA
816;Valérie;Black;iblackmn@biglobe.ne.jp;Female;Staff Accountant III;15/09/2013;02FR
817;Estée;Perkins;cperkinsmo@bbb.org;Male;Nurse;04/01/2016;23TN
818;Publicité;Hayes;fhayesmp@exblog.jp;Male;Assistant Media Planner;13/10/2012;10PT
819;Loïc;Chapman;jchapmanmq@google.ru;Female;Design Engineer;20/03/2014;21FR
820;Néhémie;Bell;rbellmr@unesco.org;Female;Software Test Engineer IV;08/05/2014;18PT
821;Clélia;Morrison;dmorrisonms@theguardian.com;Male;Physical Therapy Assistant;04/10/2014;21FR
822;Åslög;Freeman;kfreemanmt@netscape.com;Female;Engineer I;06/08/2014;17FR
823;Zoé;Wood;cwoodmu@uol.com.br;Female;Software Test Engineer IV;22/01/2016;03FR
824;Lén;Little;jlittlemv@edublogs.org;Female;Recruiter;19/02/2013;12FR
825;Hélèna;Reynolds;jreynoldsmw@fastcompany.com;Male;Web Developer II;12/12/2013;11PT
826;Mélinda;James;cjamesmx@theguardian.com;Male;Junior Executive;14/07/2012;21FR
827;Salomé;Phillips;lphillipsmy@dion.ne.jp;Male;Occupational Therapist;10/05/2015;21FR
828;Célestine;Chavez;kchavezmz@goo.gl;Female;Financial Advisor;23/10/2013;20ES
829;Vénus;Simpson;tsimpsonn0@google.nl;Male;GIS Technical Architect;06/12/2012;13FR
830;Noémie;Burns;lburnsn1@behance.net;Male;Speech Pathologist;17/09/2013;07FR
831;Lorène;Owens;kowensn2@usnews.com;Female;Director of Sales;19/03/2013;04UA
832;Clémentine;Martin;mmartinn3@economist.com;Male;Community Outreach Specialist;10/11/2012;23TN
833;Desirée;Hayes;mhayesn4@mapy.cz;Female;Sales Associate;18/11/2015;03FR
834;Esbjörn;Sanchez;tsanchezn5@webnode.com;Female;Food Chemist;19/04/2014;17FR
835;Anaëlle;Jackson;mjacksonn6@mit.edu;Female;Staff Accountant II;18/01/2016;24PT
836;Jú;Jordan;sjordann7@unicef.org;Female;Web Designer IV;13/05/2014;02FR
837;Adèle;Wallace;kwallacen8@indiegogo.com;Male;Programmer IV;30/09/2012;10PT
838;Séréna;Martin;rmartinn9@weather.com;Female;Analyst Programmer;21/08/2013;12FR
839;André;Olson;eolsonna@icq.com;Male;Staff Accountant III;18/07/2013;02FR
840;Zhì;Cox;wcoxnb@latimes.com;Male;Food Chemist;13/01/2015;25PT
841;Alizée;Spencer;fspencernc@omniture.com;Male;Sales Representative;16/04/2016;20ES
842;Naéva;Hawkins;nhawkinsnd@vk.com;Male;Graphic Designer;07/07/2013;23TN
843;Nuó;Jenkins;mjenkinsne@mapy.cz;Female;Engineer IV;23/08/2012;17FR
844;Pål;Reyes;kreyesnf@wikispaces.com;Female;Administrative Officer;12/06/2015;01UA
845;Naëlle;Dunn;jdunnng@mayoclinic.com;Female;Statistician II;06/10/2013;15PT
846;Cécile;Russell;prussellnh@deviantart.com;Female;Chemical Engineer;31/10/2012;08MA
847;Ráo;Bishop;bbishopni@abc.net.au;Female;Nurse;26/04/2014;01UA
848;Méthode;Ward;gwardnj@so-net.ne.jp;Male;Human Resources Manager;27/04/2014;12FR
849;Örjan;Burns;wburnsnk@xrea.com;Female;Administrative Officer;21/02/2014;08MA
850;Alizée;Reynolds;treynoldsnl@instagram.com;Male;Geologist III;26/07/2013;08MA
851;Märta;Myers;jmyersnm@google.es;Female;Assistant Professor;26/01/2016;04UA
852;Intéressant;Schmidt;kschmidtnn@reddit.com;Female;Assistant Media Planner;03/10/2014;14FR
853;Edmée;Porter;jporterno@360.cn;Male;GIS Technical Architect;27/11/2015;06PT
854;Amélie;Ross;lrossnp@fda.gov;Male;Web Designer I;03/04/2015;20ES
855;Célestine;Martin;rmartinnq@hostgator.com;Male;Structural Analysis Engineer;26/11/2014;06PT
856;Géraldine;Wheeler;awheelernr@t-online.de;Female;Assistant Professor;05/10/2012;16FR
857;Gaïa;Miller;cmillerns@who.int;Male;Account Executive;29/08/2012;02FR
858;Céline;Spencer;tspencernt@stanford.edu;Female;Social Worker;04/12/2015;08MA
859;Maéna;Arnold;marnoldnu@bigcartel.com;Male;Accountant III;04/12/2015;20ES
860;Andrée;Hawkins;jhawkinsnv@cargocollective.com;Male;Internal Auditor;13/12/2013;17FR
861;Judicaël;Washington;cwashingtonnw@yandex.ru;Male;Teacher;05/02/2014;01UA
862;Illustrée;Stephens;jstephensnx@epa.gov;Male;Compensation Analyst;04/06/2014;20ES
863;Véronique;Gordon;cgordonny@nhs.uk;Female;Senior Quality Engineer;11/09/2015;09PT
864;Vérane;Grant;agrantnz@washington.edu;Male;Marketing Manager;13/02/2013;22FR
865;Maëlle;Wagner;swagnero0@nsw.gov.au;Male;Clinical Specialist;11/09/2014;09PT
866;Görel;Flores;dfloreso1@europa.eu;Male;General Manager;10/02/2013;06PT
867;Maëlys;Dixon;adixono2@hugedomains.com;Female;VP Marketing;03/08/2014;10PT
868;Méghane;West;lwesto3@tamu.edu;Male;Physical Therapy Assistant;23/12/2013;26FR
869;Marylène;Ellis;jelliso4@opensource.org;Female;Analog Circuit Design manager;09/05/2015;14FR
870;Laurène;Gonzalez;agonzalezo5@shinystat.com;Female;Marketing Assistant;26/11/2014;05FR
871;Thérèse;Nichols;lnicholso6@wisc.edu;Male;Information Systems Manager;28/05/2015;05FR
872;Angèle;Ruiz;bruizo7@wordpress.com;Male;Executive Secretary;15/10/2015;15PT
873;Solène;Howell;bhowello8@oracle.com;Female;Electrical Engineer;11/12/2014;02FR
874;Loïs;Stanley;estanleyo9@flavors.me;Female;Project Manager;09/06/2012;08MA
875;Cléa;Garza;igarzaoa@netlog.com;Male;Food Chemist;14/10/2012;08MA
876;Méryl;Wood;ewoodob@mediafire.com;Female;Tax Accountant;01/09/2012;09PT
877;Léonie;Gutierrez;cgutierrezoc@smugmug.com;Female;Actuary;20/03/2015;25PT
878;Naéva;Brooks;dbrooksod@unicef.org;Female;Programmer III;29/06/2013;12FR
879;Liè;Pierce;rpierceoe@miitbeian.gov.cn;Male;Sales Representative;27/11/2012;15PT
880;Léandre;Hamilton;lhamiltonof@reverbnation.com;Male;Civil Engineer;02/03/2016;11PT
881;Andréanne;Hart;mhartog@psu.edu;Female;Director of Sales;03/01/2015;19UA
882;Andrée;Griffin;hgriffinoh@jigsy.com;Female;Desktop Support Technician;24/07/2013;11PT
883;Örjan;Rice;jriceoi@myspace.com;Male;Payment Adjustment Coordinator;23/09/2013;26FR
884;Maïly;Hernandez;ahernandezoj@list-manage.com;Male;Accountant IV;14/10/2013;03FR
885;Adèle;Morales;rmoralesok@mac.com;Female;Associate Professor;07/10/2014;01UA
886;Maëlyss;Allen;rallenol@earthlink.net;Female;Administrative Officer;07/11/2013;03FR
